Object,Sample,Anomaly_Score,MemoryBank_Time,Inference_Time
bottle,good/000.png,0.13581,0.37103,0.13178
bottle,good/001.png,0.24454,0.37103,0.12370
bottle,good/002.png,0.19041,0.37103,0.12726
bottle,good/003.png,0.17170,0.37103,0.11783
bottle,good/004.png,0.16956,0.37103,0.11730
bottle,good/005.png,0.15180,0.37103,0.11832
bottle,good/006.png,0.18915,0.37103,0.12248
bottle,good/007.png,0.15971,0.37103,0.12769
bottle,good/008.png,0.14676,0.37103,0.12652
bottle,good/009.png,0.17814,0.37103,0.12666
bottle,good/010.png,0.15289,0.37103,0.12638
bottle,good/011.png,0.15240,0.37103,0.12322
bottle,good/012.png,0.15192,0.37103,0.12943
bottle,good/013.png,0.14697,0.37103,0.12534
bottle,good/014.png,0.15306,0.37103,0.12504
bottle,good/015.png,0.18402,0.37103,0.12692
bottle,good/016.png,0.14088,0.37103,0.12604
bottle,good/017.png,0.15928,0.37103,0.12472
bottle,good/018.png,0.19301,0.37103,0.12616
bottle,good/019.png,0.16773,0.37103,0.12279
bottle,broken_large/000.png,0.36066,0.37103,0.13558
bottle,broken_large/001.png,0.42801,0.37103,0.13493
bottle,broken_large/002.png,0.42553,0.37103,0.13704
bottle,broken_large/003.png,0.40922,0.37103,0.12302
bottle,broken_large/004.png,0.33996,0.37103,0.12150
bottle,broken_large/005.png,0.30397,0.37103,0.12195
bottle,broken_large/006.png,0.35135,0.37103,0.12252
bottle,broken_large/007.png,0.41249,0.37103,0.12080
bottle,broken_large/008.png,0.36796,0.37103,0.12154
bottle,broken_large/009.png,0.33246,0.37103,0.12022
bottle,broken_large/010.png,0.40423,0.37103,0.12193
bottle,broken_large/011.png,0.50912,0.37103,0.12154
bottle,broken_large/012.png,0.31749,0.37103,0.11998
bottle,broken_large/013.png,0.36666,0.37103,0.11997
bottle,broken_large/014.png,0.48666,0.37103,0.12097
bottle,broken_large/015.png,0.33763,0.37103,0.12189
bottle,broken_large/016.png,0.40045,0.37103,0.12142
bottle,broken_large/017.png,0.35572,0.37103,0.12395
bottle,broken_large/018.png,0.37406,0.37103,0.12198
bottle,broken_large/019.png,0.36176,0.37103,0.11854
bottle,contamination/000.png,0.43213,0.37103,0.14209
bottle,contamination/001.png,0.28341,0.37103,0.12771
bottle,contamination/002.png,0.26609,0.37103,0.12898
bottle,contamination/003.png,0.29412,0.37103,0.11635
bottle,contamination/004.png,0.38594,0.37103,0.12038
bottle,contamination/005.png,0.56160,0.37103,0.12077
bottle,contamination/006.png,0.64655,0.37103,0.12140
bottle,contamination/007.png,0.73388,0.37103,0.11937
bottle,contamination/008.png,0.46368,0.37103,0.11970
bottle,contamination/009.png,0.48304,0.37103,0.12065
bottle,contamination/010.png,0.51669,0.37103,0.12035
bottle,contamination/011.png,0.45895,0.37103,0.12000
bottle,contamination/012.png,0.43406,0.37103,0.11902
bottle,contamination/013.png,0.55854,0.37103,0.11890
bottle,contamination/014.png,0.48598,0.37103,0.11980
bottle,contamination/015.png,0.51961,0.37103,0.11888
bottle,contamination/016.png,0.34260,0.37103,0.11935
bottle,contamination/017.png,0.57310,0.37103,0.12132
bottle,contamination/018.png,0.48379,0.37103,0.11854
bottle,contamination/019.png,0.22473,0.37103,0.12130
bottle,contamination/020.png,0.40145,0.37103,0.12043
bottle,broken_small/000.png,0.22844,0.37103,0.13134
bottle,broken_small/001.png,0.29803,0.37103,0.12520
bottle,broken_small/002.png,0.31086,0.37103,0.12502
bottle,broken_small/003.png,0.42817,0.37103,0.11489
bottle,broken_small/004.png,0.39264,0.37103,0.11721
bottle,broken_small/005.png,0.33493,0.37103,0.11756
bottle,broken_small/006.png,0.29204,0.37103,0.11859
bottle,broken_small/007.png,0.27403,0.37103,0.11885
bottle,broken_small/008.png,0.30023,0.37103,0.12091
bottle,broken_small/009.png,0.51349,0.37103,0.12051
bottle,broken_small/010.png,0.33999,0.37103,0.12041
bottle,broken_small/011.png,0.32345,0.37103,0.14220
bottle,broken_small/012.png,0.44030,0.37103,0.11992
bottle,broken_small/013.png,0.25346,0.37103,0.11763
bottle,broken_small/014.png,0.29059,0.37103,0.11960
bottle,broken_small/015.png,0.27367,0.37103,0.12051
bottle,broken_small/016.png,0.42811,0.37103,0.11924
bottle,broken_small/017.png,0.30905,0.37103,0.11761
bottle,broken_small/018.png,0.51659,0.37103,0.12192
bottle,broken_small/019.png,0.41259,0.37103,0.11924
bottle,broken_small/020.png,0.36680,0.37103,0.11909
bottle,broken_small/021.png,0.39698,0.37103,0.12391
cable,missing_cable/000.png,0.47862,0.36588,0.13808
cable,missing_cable/001.png,0.46276,0.36588,0.14105
cable,missing_cable/002.png,0.53162,0.36588,0.13821
cable,missing_cable/003.png,0.48524,0.36588,0.12995
cable,missing_cable/004.png,0.50805,0.36588,0.13004
cable,missing_cable/005.png,0.51991,0.36588,0.13244
cable,missing_cable/006.png,0.62888,0.36588,0.13289
cable,missing_cable/007.png,0.52970,0.36588,0.13125
cable,missing_cable/008.png,0.51009,0.36588,0.13093
cable,missing_cable/009.png,0.50300,0.36588,0.13057
cable,missing_cable/010.png,0.47110,0.36588,0.13691
cable,missing_cable/011.png,0.49719,0.36588,0.13147
cable,good/000.png,0.29257,0.36588,0.14078
cable,good/001.png,0.20437,0.36588,0.13834
cable,good/002.png,0.26577,0.36588,0.13938
cable,good/003.png,0.22213,0.36588,0.12796
cable,good/004.png,0.25364,0.36588,0.13139
cable,good/005.png,0.23252,0.36588,0.13270
cable,good/006.png,0.20621,0.36588,0.13153
cable,good/007.png,0.24883,0.36588,0.13148
cable,good/008.png,0.22618,0.36588,0.12925
cable,good/009.png,0.29904,0.36588,0.13356
cable,good/010.png,0.24394,0.36588,0.13187
cable,good/011.png,0.26322,0.36588,0.13382
cable,good/012.png,0.23171,0.36588,0.13366
cable,good/013.png,0.26549,0.36588,0.13020
cable,good/014.png,0.25838,0.36588,0.13203
cable,good/015.png,0.27061,0.36588,0.13218
cable,good/016.png,0.29462,0.36588,0.13225
cable,good/017.png,0.24201,0.36588,0.13207
cable,good/018.png,0.18905,0.36588,0.13096
cable,good/019.png,0.26488,0.36588,0.13054
cable,good/020.png,0.25758,0.36588,0.13010
cable,good/021.png,0.32169,0.36588,0.13238
cable,good/022.png,0.22216,0.36588,0.13172
cable,good/023.png,0.21338,0.36588,0.13321
cable,good/024.png,0.24457,0.36588,0.13155
cable,good/025.png,0.24810,0.36588,0.13081
cable,good/026.png,0.24685,0.36588,0.12986
cable,good/027.png,0.23147,0.36588,0.13475
cable,good/028.png,0.29708,0.36588,0.13300
cable,good/029.png,0.28300,0.36588,0.13347
cable,good/030.png,0.24656,0.36588,0.13316
cable,good/031.png,0.24507,0.36588,0.13190
cable,good/032.png,0.23598,0.36588,0.13470
cable,good/033.png,0.22174,0.36588,0.13324
cable,good/034.png,0.28524,0.36588,0.13292
cable,good/035.png,0.23892,0.36588,0.13726
cable,good/036.png,0.24879,0.36588,0.13311
cable,good/037.png,0.32649,0.36588,0.13053
cable,good/038.png,0.34134,0.36588,0.13171
cable,good/039.png,0.29669,0.36588,0.13286
cable,good/040.png,0.22207,0.36588,0.13412
cable,good/041.png,0.26748,0.36588,0.13305
cable,good/042.png,0.26049,0.36588,0.13753
cable,good/043.png,0.27518,0.36588,0.13053
cable,good/044.png,0.24946,0.36588,0.13250
cable,good/045.png,0.22215,0.36588,0.13295
cable,good/046.png,0.20997,0.36588,0.13183
cable,good/047.png,0.26056,0.36588,0.13344
cable,good/048.png,0.23828,0.36588,0.13173
cable,good/049.png,0.25040,0.36588,0.13174
cable,good/050.png,0.25908,0.36588,0.13258
cable,good/051.png,0.27648,0.36588,0.13288
cable,good/052.png,0.21157,0.36588,0.13293
cable,good/053.png,0.23210,0.36588,0.13279
cable,good/054.png,0.25175,0.36588,0.13324
cable,good/055.png,0.25864,0.36588,0.13970
cable,good/056.png,0.34888,0.36588,0.13474
cable,good/057.png,0.21949,0.36588,0.13563
cable,cut_outer_insulation/000.png,0.41671,0.36588,0.14179
cable,cut_outer_insulation/001.png,0.46583,0.36588,0.13952
cable,cut_outer_insulation/002.png,0.36894,0.36588,0.13822
cable,cut_outer_insulation/003.png,0.34064,0.36588,0.12949
cable,cut_outer_insulation/004.png,0.30560,0.36588,0.13579
cable,cut_outer_insulation/005.png,0.43147,0.36588,0.13815
cable,cut_outer_insulation/006.png,0.38215,0.36588,0.12935
cable,cut_outer_insulation/007.png,0.39260,0.36588,0.13086
cable,cut_outer_insulation/008.png,0.32320,0.36588,0.13180
cable,cut_outer_insulation/009.png,0.35420,0.36588,0.13447
cable,missing_wire/000.png,0.30229,0.36588,0.14821
cable,missing_wire/001.png,0.37914,0.36588,0.13844
cable,missing_wire/002.png,0.31528,0.36588,0.14067
cable,missing_wire/003.png,0.38538,0.36588,0.13185
cable,missing_wire/004.png,0.39642,0.36588,0.13271
cable,missing_wire/005.png,0.32081,0.36588,0.13317
cable,missing_wire/006.png,0.31534,0.36588,0.13154
cable,missing_wire/007.png,0.30787,0.36588,0.13246
cable,missing_wire/008.png,0.33403,0.36588,0.13203
cable,missing_wire/009.png,0.38876,0.36588,0.13337
cable,cable_swap/000.png,0.22590,0.36588,0.13861
cable,cable_swap/001.png,0.28925,0.36588,0.13882
cable,cable_swap/002.png,0.26032,0.36588,0.14042
cable,cable_swap/003.png,0.27948,0.36588,0.13075
cable,cable_swap/004.png,0.27948,0.36588,0.13286
cable,cable_swap/005.png,0.22683,0.36588,0.13372
cable,cable_swap/006.png,0.22379,0.36588,0.13545
cable,cable_swap/007.png,0.25850,0.36588,0.13368
cable,cable_swap/008.png,0.27229,0.36588,0.13350
cable,cable_swap/009.png,0.30801,0.36588,0.13383
cable,cable_swap/010.png,0.23175,0.36588,0.13262
cable,cable_swap/011.png,0.23808,0.36588,0.13513
cable,combined/000.png,0.50860,0.36588,0.14199
cable,combined/001.png,0.50142,0.36588,0.13928
cable,combined/002.png,0.38913,0.36588,0.13779
cable,combined/003.png,0.43843,0.36588,0.12781
cable,combined/004.png,0.32824,0.36588,0.13133
cable,combined/005.png,0.44767,0.36588,0.13267
cable,combined/006.png,0.45434,0.36588,0.12957
cable,combined/007.png,0.36460,0.36588,0.13199
cable,combined/008.png,0.53530,0.36588,0.13276
cable,combined/009.png,0.43922,0.36588,0.13110
cable,combined/010.png,0.46972,0.36588,0.13040
cable,poke_insulation/000.png,0.40603,0.36588,0.13968
cable,poke_insulation/001.png,0.48413,0.36588,0.13634
cable,poke_insulation/002.png,0.36449,0.36588,0.14131
cable,poke_insulation/003.png,0.55997,0.36588,0.12884
cable,poke_insulation/004.png,0.38914,0.36588,0.13241
cable,poke_insulation/005.png,0.38095,0.36588,0.13279
cable,poke_insulation/006.png,0.46399,0.36588,0.13239
cable,poke_insulation/007.png,0.51115,0.36588,0.13263
cable,poke_insulation/008.png,0.46457,0.36588,0.13403
cable,poke_insulation/009.png,0.47732,0.36588,0.13381
cable,bent_wire/000.png,0.37863,0.36588,0.14136
cable,bent_wire/001.png,0.37202,0.36588,0.13954
cable,bent_wire/002.png,0.41107,0.36588,0.13754
cable,bent_wire/003.png,0.46688,0.36588,0.12900
cable,bent_wire/004.png,0.61975,0.36588,0.13525
cable,bent_wire/005.png,0.49292,0.36588,0.13236
cable,bent_wire/006.png,0.45499,0.36588,0.13240
cable,bent_wire/007.png,0.51214,0.36588,0.13507
cable,bent_wire/008.png,0.30830,0.36588,0.13213
cable,bent_wire/009.png,0.49805,0.36588,0.13329
cable,bent_wire/010.png,0.58841,0.36588,0.13211
cable,bent_wire/011.png,0.54013,0.36588,0.13085
cable,bent_wire/012.png,0.45620,0.36588,0.13277
cable,cut_inner_insulation/000.png,0.39254,0.36588,0.13969
cable,cut_inner_insulation/001.png,0.33344,0.36588,0.13943
cable,cut_inner_insulation/002.png,0.33012,0.36588,0.13684
cable,cut_inner_insulation/003.png,0.36125,0.36588,0.13075
cable,cut_inner_insulation/004.png,0.44110,0.36588,0.13198
cable,cut_inner_insulation/005.png,0.31082,0.36588,0.13178
cable,cut_inner_insulation/006.png,0.35942,0.36588,0.13321
cable,cut_inner_insulation/007.png,0.35041,0.36588,0.13236
cable,cut_inner_insulation/008.png,0.32870,0.36588,0.13396
cable,cut_inner_insulation/009.png,0.36382,0.36588,0.13212
cable,cut_inner_insulation/010.png,0.29656,0.36588,0.13378
cable,cut_inner_insulation/011.png,0.35594,0.36588,0.13264
cable,cut_inner_insulation/012.png,0.51436,0.36588,0.13367
cable,cut_inner_insulation/013.png,0.37905,0.36588,0.13280
capsule,good/000.png,0.22452,0.35580,0.09855
capsule,good/001.png,0.18212,0.35580,0.09248
capsule,good/002.png,0.18698,0.35580,0.09270
capsule,good/003.png,0.21664,0.35580,0.08679
capsule,good/004.png,0.16052,0.35580,0.09258
capsule,good/005.png,0.17552,0.35580,0.08860
capsule,good/006.png,0.25286,0.35580,0.08992
capsule,good/007.png,0.18676,0.35580,0.09083
capsule,good/008.png,0.22677,0.35580,0.09249
capsule,good/009.png,0.18207,0.35580,0.09105
capsule,good/010.png,0.25432,0.35580,0.08964
capsule,good/011.png,0.22696,0.35580,0.09144
capsule,good/012.png,0.34472,0.35580,0.09179
capsule,good/013.png,0.28782,0.35580,0.09116
capsule,good/014.png,0.20688,0.35580,0.09200
capsule,good/015.png,0.18412,0.35580,0.09261
capsule,good/016.png,0.21079,0.35580,0.09099
capsule,good/017.png,0.22190,0.35580,0.09092
capsule,good/018.png,0.23539,0.35580,0.09127
capsule,good/019.png,0.18030,0.35580,0.09225
capsule,good/020.png,0.20420,0.35580,0.09153
capsule,good/021.png,0.16091,0.35580,0.09215
capsule,good/022.png,0.16756,0.35580,0.09149
capsule,poke/000.png,0.63197,0.35580,0.09642
capsule,poke/001.png,0.26046,0.35580,0.09159
capsule,poke/002.png,0.30152,0.35580,0.08976
capsule,poke/003.png,0.28628,0.35580,0.08597
capsule,poke/004.png,0.36011,0.35580,0.09309
capsule,poke/005.png,0.25806,0.35580,0.09243
capsule,poke/006.png,0.30651,0.35580,0.09315
capsule,poke/007.png,0.25627,0.35580,0.09221
capsule,poke/008.png,0.42482,0.35580,0.09367
capsule,poke/009.png,0.23292,0.35580,0.09184
capsule,poke/010.png,0.28304,0.35580,0.09362
capsule,poke/011.png,0.33639,0.35580,0.09257
capsule,poke/012.png,0.29234,0.35580,0.09369
capsule,poke/013.png,0.35944,0.35580,0.09203
capsule,poke/014.png,0.32002,0.35580,0.09324
capsule,poke/015.png,0.30123,0.35580,0.09229
capsule,poke/016.png,0.25690,0.35580,0.09089
capsule,poke/017.png,0.27773,0.35580,0.09283
capsule,poke/018.png,0.28796,0.35580,0.09121
capsule,poke/019.png,0.30754,0.35580,0.09222
capsule,poke/020.png,0.35093,0.35580,0.09230
capsule,faulty_imprint/000.png,0.37491,0.35580,0.09465
capsule,faulty_imprint/001.png,0.29111,0.35580,0.09167
capsule,faulty_imprint/002.png,0.28929,0.35580,0.08995
capsule,faulty_imprint/003.png,0.34282,0.35580,0.08722
capsule,faulty_imprint/004.png,0.27941,0.35580,0.09316
capsule,faulty_imprint/005.png,0.23544,0.35580,0.09298
capsule,faulty_imprint/006.png,0.27541,0.35580,0.09281
capsule,faulty_imprint/007.png,0.23649,0.35580,0.09229
capsule,faulty_imprint/008.png,0.29703,0.35580,0.09076
capsule,faulty_imprint/009.png,0.29825,0.35580,0.09157
capsule,faulty_imprint/010.png,0.35886,0.35580,0.09176
capsule,faulty_imprint/011.png,0.26998,0.35580,0.09221
capsule,faulty_imprint/012.png,0.29009,0.35580,0.09093
capsule,faulty_imprint/013.png,0.28568,0.35580,0.09208
capsule,faulty_imprint/014.png,0.35106,0.35580,0.10927
capsule,faulty_imprint/015.png,0.22618,0.35580,0.09776
capsule,faulty_imprint/016.png,0.31991,0.35580,0.10112
capsule,faulty_imprint/017.png,0.22103,0.35580,0.09987
capsule,faulty_imprint/018.png,0.28193,0.35580,0.11104
capsule,faulty_imprint/019.png,0.18237,0.35580,0.11217
capsule,faulty_imprint/020.png,0.26959,0.35580,0.09964
capsule,faulty_imprint/021.png,0.27300,0.35580,0.09839
capsule,scratch/000.png,0.38432,0.35580,0.10664
capsule,scratch/001.png,0.30622,0.35580,0.10233
capsule,scratch/002.png,0.35570,0.35580,0.09077
capsule,scratch/003.png,0.41509,0.35580,0.09096
capsule,scratch/004.png,0.38727,0.35580,0.10428
capsule,scratch/005.png,0.30658,0.35580,0.09976
capsule,scratch/006.png,0.34406,0.35580,0.09215
capsule,scratch/007.png,0.39709,0.35580,0.09989
capsule,scratch/008.png,0.35481,0.35580,0.09939
capsule,scratch/009.png,0.38279,0.35580,0.09249
capsule,scratch/010.png,0.39315,0.35580,0.09210
capsule,scratch/011.png,0.40206,0.35580,0.10085
capsule,scratch/012.png,0.36517,0.35580,0.10126
capsule,scratch/013.png,0.26855,0.35580,0.10099
capsule,scratch/014.png,0.48068,0.35580,0.09876
capsule,scratch/015.png,0.41841,0.35580,0.09963
capsule,scratch/016.png,0.33525,0.35580,0.10210
capsule,scratch/017.png,0.26365,0.35580,0.10109
capsule,scratch/018.png,0.36581,0.35580,0.10062
capsule,scratch/019.png,0.40452,0.35580,0.10023
capsule,scratch/020.png,0.39699,0.35580,0.09368
capsule,scratch/021.png,0.34283,0.35580,0.10412
capsule,scratch/022.png,0.42350,0.35580,0.10046
capsule,squeeze/000.png,0.41180,0.35580,0.10703
capsule,squeeze/001.png,0.36399,0.35580,0.09788
capsule,squeeze/002.png,0.26516,0.35580,0.09293
capsule,squeeze/003.png,0.30921,0.35580,0.09021
capsule,squeeze/004.png,0.25171,0.35580,0.09816
capsule,squeeze/005.png,0.30204,0.35580,0.10297
capsule,squeeze/006.png,0.45082,0.35580,0.09341
capsule,squeeze/007.png,0.51478,0.35580,0.09273
capsule,squeeze/008.png,0.32144,0.35580,0.08992
capsule,squeeze/009.png,0.34280,0.35580,0.09079
capsule,squeeze/010.png,0.23994,0.35580,0.09556
capsule,squeeze/011.png,0.40645,0.35580,0.09626
capsule,squeeze/012.png,0.39731,0.35580,0.10213
capsule,squeeze/013.png,0.29460,0.35580,0.09917
capsule,squeeze/014.png,0.41399,0.35580,0.09473
capsule,squeeze/015.png,0.35041,0.35580,0.09232
capsule,squeeze/016.png,0.39967,0.35580,0.09447
capsule,squeeze/017.png,0.31589,0.35580,0.09235
capsule,squeeze/018.png,0.42950,0.35580,0.09010
capsule,squeeze/019.png,0.24946,0.35580,0.09041
capsule,crack/000.png,0.24041,0.35580,0.10282
capsule,crack/001.png,0.52582,0.35580,0.09321
capsule,crack/002.png,0.22565,0.35580,0.09432
capsule,crack/003.png,0.36354,0.35580,0.09173
capsule,crack/004.png,0.39022,0.35580,0.09870
capsule,crack/005.png,0.23334,0.35580,0.09264
capsule,crack/006.png,0.46487,0.35580,0.10016
capsule,crack/007.png,0.33998,0.35580,0.10077
capsule,crack/008.png,0.28253,0.35580,0.09976
capsule,crack/009.png,0.29121,0.35580,0.09981
capsule,crack/010.png,0.37125,0.35580,0.09837
capsule,crack/011.png,0.35780,0.35580,0.09935
capsule,crack/012.png,0.38277,0.35580,0.10049
capsule,crack/013.png,0.32744,0.35580,0.10066
capsule,crack/014.png,0.30682,0.35580,0.09906
capsule,crack/015.png,0.43735,0.35580,0.09285
capsule,crack/016.png,0.31809,0.35580,0.09205
capsule,crack/017.png,0.41254,0.35580,0.09125
capsule,crack/018.png,0.37297,0.35580,0.09251
capsule,crack/019.png,0.33873,0.35580,0.09270
capsule,crack/020.png,0.24091,0.35580,0.09375
capsule,crack/021.png,0.25034,0.35580,0.10013
capsule,crack/022.png,0.25788,0.35580,0.09973
carpet,good/000.png,0.10292,0.39262,0.14692
carpet,good/001.png,0.23799,0.39262,0.14230
carpet,good/002.png,0.12650,0.39262,0.14237
carpet,good/003.png,0.11299,0.39262,0.13306
carpet,good/004.png,0.10524,0.39262,0.13665
carpet,good/005.png,0.10379,0.39262,0.13663
carpet,good/006.png,0.12015,0.39262,0.13592
carpet,good/007.png,0.12474,0.39262,0.13718
carpet,good/008.png,0.11977,0.39262,0.13826
carpet,good/009.png,0.10417,0.39262,0.13986
carpet,good/010.png,0.11866,0.39262,0.13863
carpet,good/011.png,0.11800,0.39262,0.13538
carpet,good/012.png,0.13794,0.39262,0.13517
carpet,good/013.png,0.09529,0.39262,0.13609
carpet,good/014.png,0.10282,0.39262,0.13888
carpet,good/015.png,0.10960,0.39262,0.13717
carpet,good/016.png,0.12034,0.39262,0.13472
carpet,good/017.png,0.10458,0.39262,0.13589
carpet,good/018.png,0.09926,0.39262,0.13845
carpet,good/019.png,0.19173,0.39262,0.13697
carpet,good/020.png,0.10111,0.39262,0.13791
carpet,good/021.png,0.27961,0.39262,0.14125
carpet,good/022.png,0.10604,0.39262,0.14243
carpet,good/023.png,0.09733,0.39262,0.13722
carpet,good/024.png,0.21707,0.39262,0.13703
carpet,good/025.png,0.22431,0.39262,0.13961
carpet,good/026.png,0.15623,0.39262,0.13422
carpet,good/027.png,0.11251,0.39262,0.14036
carpet,hole/000.png,0.41759,0.39262,0.15183
carpet,hole/001.png,0.34695,0.39262,0.15126
carpet,hole/002.png,0.47569,0.39262,0.15189
carpet,hole/003.png,0.50368,0.39262,0.12742
carpet,hole/004.png,0.42346,0.39262,0.13485
carpet,hole/005.png,0.55417,0.39262,0.13728
carpet,hole/006.png,0.56375,0.39262,0.13673
carpet,hole/007.png,0.59634,0.39262,0.13645
carpet,hole/008.png,0.69819,0.39262,0.13683
carpet,hole/009.png,0.53903,0.39262,0.13798
carpet,hole/010.png,0.46488,0.39262,0.13720
carpet,hole/011.png,0.49329,0.39262,0.13327
carpet,hole/012.png,0.49694,0.39262,0.13788
carpet,hole/013.png,0.48385,0.39262,0.13689
carpet,hole/014.png,0.51886,0.39262,0.14351
carpet,hole/015.png,0.49479,0.39262,0.13844
carpet,hole/016.png,0.43250,0.39262,0.13873
carpet,color/000.png,0.51019,0.39262,0.14909
carpet,color/001.png,0.42122,0.39262,0.14578
carpet,color/002.png,0.36462,0.39262,0.14564
carpet,color/003.png,0.35508,0.39262,0.12893
carpet,color/004.png,0.40923,0.39262,0.13801
carpet,color/005.png,0.39998,0.39262,0.13914
carpet,color/006.png,0.41435,0.39262,0.13586
carpet,color/007.png,0.41641,0.39262,0.13442
carpet,color/008.png,0.62615,0.39262,0.13646
carpet,color/009.png,0.40468,0.39262,0.14269
carpet,color/010.png,0.40695,0.39262,0.13492
carpet,color/011.png,0.36852,0.39262,0.13537
carpet,color/012.png,0.45157,0.39262,0.13422
carpet,color/013.png,0.34639,0.39262,0.13666
carpet,color/014.png,0.49082,0.39262,0.14182
carpet,color/015.png,0.46722,0.39262,0.14181
carpet,color/016.png,0.36993,0.39262,0.13186
carpet,color/017.png,0.37993,0.39262,0.13981
carpet,color/018.png,0.34315,0.39262,0.13909
carpet,metal_contamination/000.png,0.42726,0.39262,0.15003
carpet,metal_contamination/001.png,0.53310,0.39262,0.14742
carpet,metal_contamination/002.png,0.65527,0.39262,0.14997
carpet,metal_contamination/003.png,0.46288,0.39262,0.13823
carpet,metal_contamination/004.png,0.59053,0.39262,0.13941
carpet,metal_contamination/005.png,0.60211,0.39262,0.13369
carpet,metal_contamination/006.png,0.55817,0.39262,0.13308
carpet,metal_contamination/007.png,0.69378,0.39262,0.13398
carpet,metal_contamination/008.png,0.66786,0.39262,0.13061
carpet,metal_contamination/009.png,0.60115,0.39262,0.13733
carpet,metal_contamination/010.png,0.65566,0.39262,0.13575
carpet,metal_contamination/011.png,0.57682,0.39262,0.13733
carpet,metal_contamination/012.png,0.56534,0.39262,0.13718
carpet,metal_contamination/013.png,0.51657,0.39262,0.13723
carpet,metal_contamination/014.png,0.47343,0.39262,0.13849
carpet,metal_contamination/015.png,0.59928,0.39262,0.13372
carpet,metal_contamination/016.png,0.54847,0.39262,0.13822
carpet,cut/000.png,0.47162,0.39262,0.15002
carpet,cut/001.png,0.41652,0.39262,0.13825
carpet,cut/002.png,0.55188,0.39262,0.14483
carpet,cut/003.png,0.59232,0.39262,0.13844
carpet,cut/004.png,0.47776,0.39262,0.13970
carpet,cut/005.png,0.47582,0.39262,0.14068
carpet,cut/006.png,0.59295,0.39262,0.13425
carpet,cut/007.png,0.37043,0.39262,0.13879
carpet,cut/008.png,0.35838,0.39262,0.13792
carpet,cut/009.png,0.48726,0.39262,0.13576
carpet,cut/010.png,0.49988,0.39262,0.13714
carpet,cut/011.png,0.51866,0.39262,0.13761
carpet,cut/012.png,0.50981,0.39262,0.13938
carpet,cut/013.png,0.47095,0.39262,0.13717
carpet,cut/014.png,0.34505,0.39262,0.13942
carpet,cut/015.png,0.57829,0.39262,0.13301
carpet,cut/016.png,0.43684,0.39262,0.13295
carpet,thread/000.png,0.62979,0.39262,0.15090
carpet,thread/001.png,0.47665,0.39262,0.15224
carpet,thread/002.png,0.55439,0.39262,0.15114
carpet,thread/003.png,0.45776,0.39262,0.13645
carpet,thread/004.png,0.61778,0.39262,0.13637
carpet,thread/005.png,0.62908,0.39262,0.13735
carpet,thread/006.png,0.65322,0.39262,0.13640
carpet,thread/007.png,0.59020,0.39262,0.13610
carpet,thread/008.png,0.66833,0.39262,0.13616
carpet,thread/009.png,0.38491,0.39262,0.13599
carpet,thread/010.png,0.71450,0.39262,0.13615
carpet,thread/011.png,0.62218,0.39262,0.13699
carpet,thread/012.png,0.50756,0.39262,0.13720
carpet,thread/013.png,0.64048,0.39262,0.13531
carpet,thread/014.png,0.35662,0.39262,0.13896
carpet,thread/015.png,0.65315,0.39262,0.13930
carpet,thread/016.png,0.67249,0.39262,0.13780
carpet,thread/017.png,0.67576,0.39262,0.13777
carpet,thread/018.png,0.34629,0.39262,0.13716
grid,good/000.png,0.14311,0.40176,0.12035
grid,good/001.png,0.19525,0.40176,0.12860
grid,good/002.png,0.22887,0.40176,0.12822
grid,good/003.png,0.13758,0.40176,0.11573
grid,good/004.png,0.25380,0.40176,0.12209
grid,good/005.png,0.16639,0.40176,0.11808
grid,good/006.png,0.25926,0.40176,0.12180
grid,good/007.png,0.19992,0.40176,0.11746
grid,good/008.png,0.26246,0.40176,0.11787
grid,good/009.png,0.20336,0.40176,0.11764
grid,good/010.png,0.26683,0.40176,0.12180
grid,good/011.png,0.22665,0.40176,0.12571
grid,good/012.png,0.28458,0.40176,0.12158
grid,good/013.png,0.13562,0.40176,0.11808
grid,good/014.png,0.23771,0.40176,0.12128
grid,good/015.png,0.19975,0.40176,0.12466
grid,good/016.png,0.21161,0.40176,0.12239
grid,good/017.png,0.17432,0.40176,0.12848
grid,good/018.png,0.28603,0.40176,0.12329
grid,good/019.png,0.28940,0.40176,0.12338
grid,good/020.png,0.25340,0.40176,0.11877
grid,glue/000.png,0.37852,0.40176,0.13432
grid,glue/001.png,0.37021,0.40176,0.12593
grid,glue/002.png,0.39132,0.40176,0.13036
grid,glue/003.png,0.38589,0.40176,0.11565
grid,glue/004.png,0.52250,0.40176,0.12250
grid,glue/005.png,0.47652,0.40176,0.11515
grid,glue/006.png,0.37398,0.40176,0.12410
grid,glue/007.png,0.33315,0.40176,0.12269
grid,glue/008.png,0.22447,0.40176,0.11279
grid,glue/009.png,0.39684,0.40176,0.13015
grid,glue/010.png,0.41666,0.40176,0.12836
grid,metal_contamination/000.png,0.47844,0.40176,0.12748
grid,metal_contamination/001.png,0.47018,0.40176,0.12763
grid,metal_contamination/002.png,0.57134,0.40176,0.12441
grid,metal_contamination/003.png,0.49227,0.40176,0.11360
grid,metal_contamination/004.png,0.49749,0.40176,0.11322
grid,metal_contamination/005.png,0.57042,0.40176,0.11633
grid,metal_contamination/006.png,0.46676,0.40176,0.11737
grid,metal_contamination/007.png,0.42519,0.40176,0.11817
grid,metal_contamination/008.png,0.50625,0.40176,0.11645
grid,metal_contamination/009.png,0.49066,0.40176,0.11538
grid,metal_contamination/010.png,0.50084,0.40176,0.11465
grid,bent/000.png,0.44841,0.40176,0.12524
grid,bent/001.png,0.46108,0.40176,0.12338
grid,bent/002.png,0.43233,0.40176,0.12482
grid,bent/003.png,0.40634,0.40176,0.11463
grid,bent/004.png,0.37128,0.40176,0.11694
grid,bent/005.png,0.46704,0.40176,0.11470
grid,bent/006.png,0.42006,0.40176,0.11595
grid,bent/007.png,0.44324,0.40176,0.11692
grid,bent/008.png,0.37525,0.40176,0.11631
grid,bent/009.png,0.42269,0.40176,0.11740
grid,bent/010.png,0.45425,0.40176,0.11619
grid,bent/011.png,0.46786,0.40176,0.11639
grid,thread/000.png,0.56920,0.40176,0.12442
grid,thread/001.png,0.79604,0.40176,0.12245
grid,thread/002.png,0.48723,0.40176,0.12424
grid,thread/003.png,0.54208,0.40176,0.11168
grid,thread/004.png,0.56334,0.40176,0.11498
grid,thread/005.png,0.57078,0.40176,0.11509
grid,thread/006.png,0.47686,0.40176,0.11694
grid,thread/007.png,0.49915,0.40176,0.11461
grid,thread/008.png,0.41047,0.40176,0.11604
grid,thread/009.png,0.46750,0.40176,0.11442
grid,thread/010.png,0.49322,0.40176,0.11498
grid,broken/000.png,0.52371,0.40176,0.12257
grid,broken/001.png,0.63912,0.40176,0.12305
grid,broken/002.png,0.48187,0.40176,0.12268
grid,broken/003.png,0.47226,0.40176,0.11358
grid,broken/004.png,0.44110,0.40176,0.11393
grid,broken/005.png,0.40676,0.40176,0.11866
grid,broken/006.png,0.47382,0.40176,0.11432
grid,broken/007.png,0.44962,0.40176,0.11709
grid,broken/008.png,0.36378,0.40176,0.11506
grid,broken/009.png,0.43171,0.40176,0.11815
grid,broken/010.png,0.48798,0.40176,0.11473
grid,broken/011.png,0.43230,0.40176,0.11788
hazelnut,good/000.png,0.30068,0.36094,0.09587
hazelnut,good/001.png,0.30713,0.36094,0.09605
hazelnut,good/002.png,0.31809,0.36094,0.09580
hazelnut,good/003.png,0.22256,0.36094,0.09368
hazelnut,good/004.png,0.27011,0.36094,0.09947
hazelnut,good/005.png,0.27356,0.36094,0.09724
hazelnut,good/006.png,0.26026,0.36094,0.09844
hazelnut,good/007.png,0.21800,0.36094,0.10061
hazelnut,good/008.png,0.27956,0.36094,0.09753
hazelnut,good/009.png,0.26237,0.36094,0.09676
hazelnut,good/010.png,0.24347,0.36094,0.09782
hazelnut,good/011.png,0.31458,0.36094,0.09960
hazelnut,good/012.png,0.29139,0.36094,0.09843
hazelnut,good/013.png,0.24082,0.36094,0.09570
hazelnut,good/014.png,0.22627,0.36094,0.10047
hazelnut,good/015.png,0.28902,0.36094,0.09791
hazelnut,good/016.png,0.25596,0.36094,0.10021
hazelnut,good/017.png,0.25986,0.36094,0.10023
hazelnut,good/018.png,0.31050,0.36094,0.10141
hazelnut,good/019.png,0.28385,0.36094,0.10135
hazelnut,good/020.png,0.29527,0.36094,0.10057
hazelnut,good/021.png,0.20334,0.36094,0.10084
hazelnut,good/022.png,0.24547,0.36094,0.10041
hazelnut,good/023.png,0.26758,0.36094,0.10026
hazelnut,good/024.png,0.24646,0.36094,0.10255
hazelnut,good/025.png,0.26674,0.36094,0.10320
hazelnut,good/026.png,0.21541,0.36094,0.10032
hazelnut,good/027.png,0.23674,0.36094,0.10037
hazelnut,good/028.png,0.26334,0.36094,0.09888
hazelnut,good/029.png,0.20036,0.36094,0.09930
hazelnut,good/030.png,0.24813,0.36094,0.09773
hazelnut,good/031.png,0.22541,0.36094,0.09895
hazelnut,good/032.png,0.25459,0.36094,0.10137
hazelnut,good/033.png,0.22498,0.36094,0.10246
hazelnut,good/034.png,0.21445,0.36094,0.09748
hazelnut,good/035.png,0.23774,0.36094,0.09857
hazelnut,good/036.png,0.24551,0.36094,0.09943
hazelnut,good/037.png,0.22815,0.36094,0.09564
hazelnut,good/038.png,0.24201,0.36094,0.10003
hazelnut,good/039.png,0.21939,0.36094,0.10175
hazelnut,hole/000.png,0.50088,0.36094,0.10568
hazelnut,hole/001.png,0.34180,0.36094,0.09756
hazelnut,hole/002.png,0.39981,0.36094,0.10285
hazelnut,hole/003.png,0.50062,0.36094,0.09500
hazelnut,hole/004.png,0.54772,0.36094,0.10103
hazelnut,hole/005.png,0.51519,0.36094,0.10261
hazelnut,hole/006.png,0.42033,0.36094,0.10660
hazelnut,hole/007.png,0.39502,0.36094,0.10159
hazelnut,hole/008.png,0.34635,0.36094,0.10274
hazelnut,hole/009.png,0.44145,0.36094,0.09989
hazelnut,hole/010.png,0.47245,0.36094,0.10244
hazelnut,hole/011.png,0.39356,0.36094,0.10331
hazelnut,hole/012.png,0.54870,0.36094,0.10742
hazelnut,hole/013.png,0.50233,0.36094,0.10623
hazelnut,hole/014.png,0.52020,0.36094,0.10299
hazelnut,hole/015.png,0.43828,0.36094,0.10173
hazelnut,hole/016.png,0.39180,0.36094,0.10300
hazelnut,hole/017.png,0.55549,0.36094,0.10391
hazelnut,cut/000.png,0.25261,0.36094,0.11029
hazelnut,cut/001.png,0.34692,0.36094,0.10245
hazelnut,cut/002.png,0.28627,0.36094,0.10013
hazelnut,cut/003.png,0.40566,0.36094,0.09503
hazelnut,cut/004.png,0.38537,0.36094,0.10408
hazelnut,cut/005.png,0.30362,0.36094,0.10305
hazelnut,cut/006.png,0.32872,0.36094,0.10149
hazelnut,cut/007.png,0.37398,0.36094,0.10283
hazelnut,cut/008.png,0.35837,0.36094,0.10483
hazelnut,cut/009.png,0.31282,0.36094,0.10360
hazelnut,cut/010.png,0.35498,0.36094,0.10195
hazelnut,cut/011.png,0.29189,0.36094,0.10275
hazelnut,cut/012.png,0.30830,0.36094,0.10396
hazelnut,cut/013.png,0.28258,0.36094,0.10132
hazelnut,cut/014.png,0.37524,0.36094,0.10316
hazelnut,cut/015.png,0.38470,0.36094,0.10504
hazelnut,cut/016.png,0.34632,0.36094,0.10473
hazelnut,print/000.png,0.40016,0.36094,0.10831
hazelnut,print/001.png,0.50931,0.36094,0.09726
hazelnut,print/002.png,0.49016,0.36094,0.09952
hazelnut,print/003.png,0.36109,0.36094,0.09684
hazelnut,print/004.png,0.46016,0.36094,0.10131
hazelnut,print/005.png,0.41521,0.36094,0.09976
hazelnut,print/006.png,0.39476,0.36094,0.09480
hazelnut,print/007.png,0.44463,0.36094,0.10117
hazelnut,print/008.png,0.64479,0.36094,0.09952
hazelnut,print/009.png,0.36812,0.36094,0.10302
hazelnut,print/010.png,0.45635,0.36094,0.09993
hazelnut,print/011.png,0.48268,0.36094,0.09993
hazelnut,print/012.png,0.52869,0.36094,0.09654
hazelnut,print/013.png,0.32260,0.36094,0.10312
hazelnut,print/014.png,0.34044,0.36094,0.10114
hazelnut,print/015.png,0.35773,0.36094,0.10435
hazelnut,print/016.png,0.39515,0.36094,0.09844
hazelnut,crack/000.png,0.47873,0.36094,0.10557
hazelnut,crack/001.png,0.46674,0.36094,0.10200
hazelnut,crack/002.png,0.40477,0.36094,0.10320
hazelnut,crack/003.png,0.33823,0.36094,0.09765
hazelnut,crack/004.png,0.46351,0.36094,0.10494
hazelnut,crack/005.png,0.38132,0.36094,0.09794
hazelnut,crack/006.png,0.43484,0.36094,0.09777
hazelnut,crack/007.png,0.50370,0.36094,0.10402
hazelnut,crack/008.png,0.54736,0.36094,0.09848
hazelnut,crack/009.png,0.53729,0.36094,0.10305
hazelnut,crack/010.png,0.52810,0.36094,0.10293
hazelnut,crack/011.png,0.51224,0.36094,0.10140
hazelnut,crack/012.png,0.34036,0.36094,0.10000
hazelnut,crack/013.png,0.35651,0.36094,0.10216
hazelnut,crack/014.png,0.41035,0.36094,0.10600
hazelnut,crack/015.png,0.50506,0.36094,0.10237
hazelnut,crack/016.png,0.36045,0.36094,0.09663
hazelnut,crack/017.png,0.43922,0.36094,0.10045
leather,good/000.png,0.13667,0.35268,0.14243
leather,good/001.png,0.16254,0.35268,0.14316
leather,good/002.png,0.15275,0.35268,0.13573
leather,good/003.png,0.11589,0.35268,0.12198
leather,good/004.png,0.13508,0.35268,0.12784
leather,good/005.png,0.21050,0.35268,0.13201
leather,good/006.png,0.11099,0.35268,0.12971
leather,good/007.png,0.14435,0.35268,0.12946
leather,good/008.png,0.11683,0.35268,0.12935
leather,good/009.png,0.16247,0.35268,0.13251
leather,good/010.png,0.15614,0.35268,0.12615
leather,good/011.png,0.15756,0.35268,0.12705
leather,good/012.png,0.14844,0.35268,0.12950
leather,good/013.png,0.13487,0.35268,0.13143
leather,good/014.png,0.18796,0.35268,0.12879
leather,good/015.png,0.16611,0.35268,0.12941
leather,good/016.png,0.21545,0.35268,0.13172
leather,good/017.png,0.15715,0.35268,0.13087
leather,good/018.png,0.16647,0.35268,0.13180
leather,good/019.png,0.24877,0.35268,0.13157
leather,good/020.png,0.14189,0.35268,0.12947
leather,good/021.png,0.17214,0.35268,0.12868
leather,good/022.png,0.19094,0.35268,0.12765
leather,good/023.png,0.23599,0.35268,0.12800
leather,good/024.png,0.18815,0.35268,0.13232
leather,good/025.png,0.19226,0.35268,0.13519
leather,good/026.png,0.16833,0.35268,0.12969
leather,good/027.png,0.22281,0.35268,0.12696
leather,good/028.png,0.18565,0.35268,0.13083
leather,good/029.png,0.19016,0.35268,0.12876
leather,good/030.png,0.19542,0.35268,0.13149
leather,good/031.png,0.17860,0.35268,0.12896
leather,glue/000.png,0.68090,0.35268,0.13885
leather,glue/001.png,0.51443,0.35268,0.13929
leather,glue/002.png,0.57829,0.35268,0.13576
leather,glue/003.png,0.61339,0.35268,0.12928
leather,glue/004.png,0.50899,0.35268,0.12438
leather,glue/005.png,0.62359,0.35268,0.13078
leather,glue/006.png,0.54967,0.35268,0.12460
leather,glue/007.png,0.59404,0.35268,0.12611
leather,glue/008.png,0.61209,0.35268,0.12833
leather,glue/009.png,0.53621,0.35268,0.13240
leather,glue/010.png,0.47153,0.35268,0.13121
leather,glue/011.png,0.52954,0.35268,0.13252
leather,glue/012.png,0.48194,0.35268,0.13107
leather,glue/013.png,0.64798,0.35268,0.12903
leather,glue/014.png,0.62307,0.35268,0.13145
leather,glue/015.png,0.63643,0.35268,0.13308
leather,glue/016.png,0.47243,0.35268,0.13206
leather,glue/017.png,0.61315,0.35268,0.12816
leather,glue/018.png,0.54737,0.35268,0.12969
leather,fold/000.png,0.44944,0.35268,0.13895
leather,fold/001.png,0.32931,0.35268,0.13422
leather,fold/002.png,0.40926,0.35268,0.13848
leather,fold/003.png,0.40531,0.35268,0.12483
leather,fold/004.png,0.43493,0.35268,0.12812
leather,fold/005.png,0.47776,0.35268,0.12381
leather,fold/006.png,0.49814,0.35268,0.12983
leather,fold/007.png,0.55069,0.35268,0.12746
leather,fold/008.png,0.50136,0.35268,0.12859
leather,fold/009.png,0.50917,0.35268,0.12822
leather,fold/010.png,0.45455,0.35268,0.12758
leather,fold/011.png,0.38668,0.35268,0.12950
leather,fold/012.png,0.43297,0.35268,0.12923
leather,fold/013.png,0.43512,0.35268,0.12898
leather,fold/014.png,0.52778,0.35268,0.13039
leather,fold/015.png,0.46219,0.35268,0.12186
leather,fold/016.png,0.43434,0.35268,0.12766
leather,color/000.png,0.47399,0.35268,0.13703
leather,color/001.png,0.53887,0.35268,0.13476
leather,color/002.png,0.44874,0.35268,0.13814
leather,color/003.png,0.49861,0.35268,0.12424
leather,color/004.png,0.45633,0.35268,0.12520
leather,color/005.png,0.41426,0.35268,0.13062
leather,color/006.png,0.39763,0.35268,0.12947
leather,color/007.png,0.53625,0.35268,0.13023
leather,color/008.png,0.46021,0.35268,0.13197
leather,color/009.png,0.47861,0.35268,0.13084
leather,color/010.png,0.45976,0.35268,0.12712
leather,color/011.png,0.53942,0.35268,0.12841
leather,color/012.png,0.44809,0.35268,0.13020
leather,color/013.png,0.49744,0.35268,0.13141
leather,color/014.png,0.47343,0.35268,0.13132
leather,color/015.png,0.51156,0.35268,0.12948
leather,color/016.png,0.45336,0.35268,0.13051
leather,color/017.png,0.49263,0.35268,0.13130
leather,color/018.png,0.50248,0.35268,0.13165
leather,poke/000.png,0.52344,0.35268,0.13923
leather,poke/001.png,0.49455,0.35268,0.13650
leather,poke/002.png,0.54730,0.35268,0.13535
leather,poke/003.png,0.58458,0.35268,0.12365
leather,poke/004.png,0.56429,0.35268,0.12982
leather,poke/005.png,0.57283,0.35268,0.13539
leather,poke/006.png,0.58750,0.35268,0.13228
leather,poke/007.png,0.63169,0.35268,0.13423
leather,poke/008.png,0.52494,0.35268,0.12731
leather,poke/009.png,0.54106,0.35268,0.13034
leather,poke/010.png,0.53277,0.35268,0.12923
leather,poke/011.png,0.48969,0.35268,0.13109
leather,poke/012.png,0.57913,0.35268,0.13358
leather,poke/013.png,0.56586,0.35268,0.13088
leather,poke/014.png,0.56984,0.35268,0.12976
leather,poke/015.png,0.56142,0.35268,0.13037
leather,poke/016.png,0.54238,0.35268,0.13219
leather,poke/017.png,0.50689,0.35268,0.15182
leather,cut/000.png,0.54323,0.35268,0.13700
leather,cut/001.png,0.53242,0.35268,0.13160
leather,cut/002.png,0.48501,0.35268,0.13347
leather,cut/003.png,0.63097,0.35268,0.12168
leather,cut/004.png,0.60551,0.35268,0.12257
leather,cut/005.png,0.49097,0.35268,0.13014
leather,cut/006.png,0.50023,0.35268,0.12815
leather,cut/007.png,0.60797,0.35268,0.12919
leather,cut/008.png,0.54229,0.35268,0.12878
leather,cut/009.png,0.53228,0.35268,0.13184
leather,cut/010.png,0.45598,0.35268,0.12917
leather,cut/011.png,0.49023,0.35268,0.12871
leather,cut/012.png,0.59521,0.35268,0.12367
leather,cut/013.png,0.47669,0.35268,0.12965
leather,cut/014.png,0.45926,0.35268,0.12860
leather,cut/015.png,0.54940,0.35268,0.13092
leather,cut/016.png,0.67313,0.35268,0.13268
leather,cut/017.png,0.53934,0.35268,0.13291
leather,cut/018.png,0.64726,0.35268,0.12847
metal_nut,good/000.png,0.15206,0.30823,0.12339
metal_nut,good/001.png,0.14771,0.30823,0.12148
metal_nut,good/002.png,0.19789,0.30823,0.11989
metal_nut,good/003.png,0.16990,0.30823,0.10961
metal_nut,good/004.png,0.16947,0.30823,0.10894
metal_nut,good/005.png,0.18907,0.30823,0.11192
metal_nut,good/006.png,0.18142,0.30823,0.11305
metal_nut,good/007.png,0.22640,0.30823,0.11323
metal_nut,good/008.png,0.22445,0.30823,0.11298
metal_nut,good/009.png,0.16720,0.30823,0.11453
metal_nut,good/010.png,0.21324,0.30823,0.11308
metal_nut,good/011.png,0.23732,0.30823,0.11318
metal_nut,good/012.png,0.22140,0.30823,0.11392
metal_nut,good/013.png,0.20181,0.30823,0.11458
metal_nut,good/014.png,0.19685,0.30823,0.11415
metal_nut,good/015.png,0.17088,0.30823,0.11454
metal_nut,good/016.png,0.24763,0.30823,0.11309
metal_nut,good/017.png,0.15311,0.30823,0.11497
metal_nut,good/018.png,0.20204,0.30823,0.11640
metal_nut,good/019.png,0.21449,0.30823,0.11311
metal_nut,good/020.png,0.17075,0.30823,0.11314
metal_nut,good/021.png,0.15694,0.30823,0.11528
metal_nut,color/000.png,0.42563,0.30823,0.12325
metal_nut,color/001.png,0.55918,0.30823,0.11965
metal_nut,color/002.png,0.42275,0.30823,0.11985
metal_nut,color/003.png,0.54120,0.30823,0.11237
metal_nut,color/004.png,0.37765,0.30823,0.11145
metal_nut,color/005.png,0.21257,0.30823,0.11150
metal_nut,color/006.png,0.56989,0.30823,0.11228
metal_nut,color/007.png,0.48583,0.30823,0.11404
metal_nut,color/008.png,0.57948,0.30823,0.11307
metal_nut,color/009.png,0.51068,0.30823,0.11215
metal_nut,color/010.png,0.34956,0.30823,0.11306
metal_nut,color/011.png,0.52349,0.30823,0.11140
metal_nut,color/012.png,0.33575,0.30823,0.11162
metal_nut,color/013.png,0.48300,0.30823,0.11156
metal_nut,color/014.png,0.52194,0.30823,0.11221
metal_nut,color/015.png,0.35373,0.30823,0.11392
metal_nut,color/016.png,0.28276,0.30823,0.11315
metal_nut,color/017.png,0.33970,0.30823,0.11299
metal_nut,color/018.png,0.27166,0.30823,0.11178
metal_nut,color/019.png,0.35478,0.30823,0.11343
metal_nut,color/020.png,0.31297,0.30823,0.11313
metal_nut,color/021.png,0.57870,0.30823,0.11249
metal_nut,flip/000.png,0.31459,0.30823,0.12038
metal_nut,flip/001.png,0.34849,0.30823,0.11889
metal_nut,flip/002.png,0.33504,0.30823,0.11974
metal_nut,flip/003.png,0.36081,0.30823,0.11130
metal_nut,flip/004.png,0.32208,0.30823,0.11189
metal_nut,flip/005.png,0.32170,0.30823,0.11045
metal_nut,flip/006.png,0.38472,0.30823,0.11242
metal_nut,flip/007.png,0.33904,0.30823,0.11576
metal_nut,flip/008.png,0.33503,0.30823,0.11514
metal_nut,flip/009.png,0.39513,0.30823,0.11373
metal_nut,flip/010.png,0.34428,0.30823,0.11163
metal_nut,flip/011.png,0.38580,0.30823,0.11333
metal_nut,flip/012.png,0.31642,0.30823,0.11396
metal_nut,flip/013.png,0.37103,0.30823,0.11455
metal_nut,flip/014.png,0.30244,0.30823,0.11334
metal_nut,flip/015.png,0.32815,0.30823,0.11778
metal_nut,flip/016.png,0.35210,0.30823,0.11422
metal_nut,flip/017.png,0.35807,0.30823,0.11492
metal_nut,flip/018.png,0.37527,0.30823,0.11418
metal_nut,flip/019.png,0.34495,0.30823,0.11400
metal_nut,flip/020.png,0.34529,0.30823,0.11377
metal_nut,flip/021.png,0.32913,0.30823,0.11419
metal_nut,flip/022.png,0.34021,0.30823,0.11233
metal_nut,bent/000.png,0.33624,0.30823,0.12631
metal_nut,bent/001.png,0.36967,0.30823,0.11961
metal_nut,bent/002.png,0.44208,0.30823,0.12018
metal_nut,bent/003.png,0.36793,0.30823,0.10854
metal_nut,bent/004.png,0.30535,0.30823,0.11244
metal_nut,bent/005.png,0.48966,0.30823,0.11453
metal_nut,bent/006.png,0.29875,0.30823,0.11148
metal_nut,bent/007.png,0.38356,0.30823,0.11382
metal_nut,bent/008.png,0.32674,0.30823,0.11396
metal_nut,bent/009.png,0.41149,0.30823,0.11282
metal_nut,bent/010.png,0.53369,0.30823,0.11322
metal_nut,bent/011.png,0.31617,0.30823,0.11281
metal_nut,bent/012.png,0.40461,0.30823,0.11377
metal_nut,bent/013.png,0.27592,0.30823,0.11431
metal_nut,bent/014.png,0.37882,0.30823,0.11415
metal_nut,bent/015.png,0.57513,0.30823,0.11497
metal_nut,bent/016.png,0.39795,0.30823,0.11338
metal_nut,bent/017.png,0.51038,0.30823,0.11300
metal_nut,bent/018.png,0.33474,0.30823,0.11623
metal_nut,bent/019.png,0.35464,0.30823,0.11477
metal_nut,bent/020.png,0.40829,0.30823,0.11336
metal_nut,bent/021.png,0.31416,0.30823,0.11337
metal_nut,bent/022.png,0.31058,0.30823,0.11421
metal_nut,bent/023.png,0.44684,0.30823,0.11462
metal_nut,bent/024.png,0.40806,0.30823,0.11580
metal_nut,scratch/000.png,0.42573,0.30823,0.13009
metal_nut,scratch/001.png,0.41598,0.30823,0.11871
metal_nut,scratch/002.png,0.49225,0.30823,0.11949
metal_nut,scratch/003.png,0.31369,0.30823,0.10822
metal_nut,scratch/004.png,0.32365,0.30823,0.11435
metal_nut,scratch/005.png,0.38614,0.30823,0.11441
metal_nut,scratch/006.png,0.49259,0.30823,0.11444
metal_nut,scratch/007.png,0.36485,0.30823,0.11386
metal_nut,scratch/008.png,0.47495,0.30823,0.11245
metal_nut,scratch/009.png,0.29259,0.30823,0.11478
metal_nut,scratch/010.png,0.40998,0.30823,0.11472
metal_nut,scratch/011.png,0.48754,0.30823,0.11422
metal_nut,scratch/012.png,0.41492,0.30823,0.11362
metal_nut,scratch/013.png,0.38553,0.30823,0.11415
metal_nut,scratch/014.png,0.43208,0.30823,0.11553
metal_nut,scratch/015.png,0.38616,0.30823,0.11424
metal_nut,scratch/016.png,0.45569,0.30823,0.11507
metal_nut,scratch/017.png,0.43068,0.30823,0.11412
metal_nut,scratch/018.png,0.36750,0.30823,0.11421
metal_nut,scratch/019.png,0.49001,0.30823,0.11387
metal_nut,scratch/020.png,0.39331,0.30823,0.11311
metal_nut,scratch/021.png,0.59239,0.30823,0.11561
metal_nut,scratch/022.png,0.47544,0.30823,0.11331
pill,good/000.png,0.20383,0.30886,0.08864
pill,good/001.png,0.17033,0.30886,0.08850
pill,good/002.png,0.23181,0.30886,0.08792
pill,good/003.png,0.14315,0.30886,0.08435
pill,good/004.png,0.26298,0.30886,0.08593
pill,good/005.png,0.20325,0.30886,0.08660
pill,good/006.png,0.19232,0.30886,0.08809
pill,good/007.png,0.23582,0.30886,0.08725
pill,good/008.png,0.16683,0.30886,0.08677
pill,good/009.png,0.21697,0.30886,0.08684
pill,good/010.png,0.17495,0.30886,0.08706
pill,good/011.png,0.19710,0.30886,0.08665
pill,good/012.png,0.20114,0.30886,0.08720
pill,good/013.png,0.19870,0.30886,0.08742
pill,good/014.png,0.33196,0.30886,0.08821
pill,good/015.png,0.22656,0.30886,0.08691
pill,good/016.png,0.32445,0.30886,0.08608
pill,good/017.png,0.29732,0.30886,0.08648
pill,good/018.png,0.23880,0.30886,0.08806
pill,good/019.png,0.19980,0.30886,0.08732
pill,good/020.png,0.21311,0.30886,0.08684
pill,good/021.png,0.20386,0.30886,0.08740
pill,good/022.png,0.24450,0.30886,0.08755
pill,good/023.png,0.19311,0.30886,0.08757
pill,good/024.png,0.35001,0.30886,0.08672
pill,good/025.png,0.21541,0.30886,0.08828
pill,pill_type/000.png,0.43089,0.30886,0.09229
pill,pill_type/001.png,0.37699,0.30886,0.08839
pill,pill_type/002.png,0.37871,0.30886,0.08635
pill,pill_type/003.png,0.38823,0.30886,0.08458
pill,pill_type/004.png,0.36263,0.30886,0.08653
pill,pill_type/005.png,0.34887,0.30886,0.08857
pill,pill_type/006.png,0.41587,0.30886,0.08846
pill,pill_type/007.png,0.32457,0.30886,0.08814
pill,pill_type/008.png,0.37324,0.30886,0.08739
pill,color/000.png,0.20233,0.30886,0.09294
pill,color/001.png,0.43723,0.30886,0.08893
pill,color/002.png,0.37525,0.30886,0.08854
pill,color/003.png,0.47340,0.30886,0.08406
pill,color/004.png,0.35018,0.30886,0.08706
pill,color/005.png,0.30363,0.30886,0.08845
pill,color/006.png,0.35572,0.30886,0.08859
pill,color/007.png,0.20069,0.30886,0.08795
pill,color/008.png,0.28611,0.30886,0.08791
pill,color/009.png,0.21268,0.30886,0.08802
pill,color/010.png,0.24658,0.30886,0.08748
pill,color/011.png,0.24678,0.30886,0.08850
pill,color/012.png,0.24450,0.30886,0.08821
pill,color/013.png,0.27117,0.30886,0.08872
pill,color/014.png,0.22239,0.30886,0.08828
pill,color/015.png,0.23382,0.30886,0.08949
pill,color/016.png,0.36677,0.30886,0.08830
pill,color/017.png,0.23521,0.30886,0.08841
pill,color/018.png,0.24452,0.30886,0.08829
pill,color/019.png,0.29598,0.30886,0.08914
pill,color/020.png,0.29550,0.30886,0.08773
pill,color/021.png,0.30056,0.30886,0.08847
pill,color/022.png,0.42891,0.30886,0.08758
pill,color/023.png,0.44774,0.30886,0.08923
pill,color/024.png,0.26851,0.30886,0.09069
pill,combined/000.png,0.39196,0.30886,0.09303
pill,combined/001.png,0.36557,0.30886,0.08883
pill,combined/002.png,0.39597,0.30886,0.08822
pill,combined/003.png,0.35594,0.30886,0.08440
pill,combined/004.png,0.38896,0.30886,0.08754
pill,combined/005.png,0.34510,0.30886,0.08726
pill,combined/006.png,0.34557,0.30886,0.08699
pill,combined/007.png,0.28937,0.30886,0.08724
pill,combined/008.png,0.32918,0.30886,0.08837
pill,combined/009.png,0.54977,0.30886,0.08669
pill,combined/010.png,0.32397,0.30886,0.08634
pill,combined/011.png,0.39661,0.30886,0.08692
pill,combined/012.png,0.30798,0.30886,0.08659
pill,combined/013.png,0.41881,0.30886,0.08783
pill,combined/014.png,0.49066,0.30886,0.08637
pill,combined/015.png,0.43912,0.30886,0.08708
pill,combined/016.png,0.48087,0.30886,0.08669
pill,faulty_imprint/000.png,0.30143,0.30886,0.09030
pill,faulty_imprint/001.png,0.23705,0.30886,0.08879
pill,faulty_imprint/002.png,0.34425,0.30886,0.08948
pill,faulty_imprint/003.png,0.29113,0.30886,0.08457
pill,faulty_imprint/004.png,0.28449,0.30886,0.08859
pill,faulty_imprint/005.png,0.33668,0.30886,0.08951
pill,faulty_imprint/006.png,0.41910,0.30886,0.08830
pill,faulty_imprint/007.png,0.46136,0.30886,0.08936
pill,faulty_imprint/008.png,0.41021,0.30886,0.08804
pill,faulty_imprint/009.png,0.21339,0.30886,0.08871
pill,faulty_imprint/010.png,0.38255,0.30886,0.09216
pill,faulty_imprint/011.png,0.34503,0.30886,0.08909
pill,faulty_imprint/012.png,0.27696,0.30886,0.08774
pill,faulty_imprint/013.png,0.36199,0.30886,0.08925
pill,faulty_imprint/014.png,0.30963,0.30886,0.08845
pill,faulty_imprint/015.png,0.34215,0.30886,0.08947
pill,faulty_imprint/016.png,0.38061,0.30886,0.08785
pill,faulty_imprint/017.png,0.40397,0.30886,0.09056
pill,faulty_imprint/018.png,0.60753,0.30886,0.08775
pill,contamination/000.png,0.26867,0.30886,0.09181
pill,contamination/001.png,0.39173,0.30886,0.09051
pill,contamination/002.png,0.32151,0.30886,0.08989
pill,contamination/003.png,0.49667,0.30886,0.08528
pill,contamination/004.png,0.28902,0.30886,0.08747
pill,contamination/005.png,0.30273,0.30886,0.08747
pill,contamination/006.png,0.34574,0.30886,0.08743
pill,contamination/007.png,0.46898,0.30886,0.08782
pill,contamination/008.png,0.42057,0.30886,0.08890
pill,contamination/009.png,0.24518,0.30886,0.08806
pill,contamination/010.png,0.49386,0.30886,0.08699
pill,contamination/011.png,0.41702,0.30886,0.08789
pill,contamination/012.png,0.29716,0.30886,0.08777
pill,contamination/013.png,0.31326,0.30886,0.08821
pill,contamination/014.png,0.42979,0.30886,0.08730
pill,contamination/015.png,0.38554,0.30886,0.08856
pill,contamination/016.png,0.38347,0.30886,0.08704
pill,contamination/017.png,0.40843,0.30886,0.08809
pill,contamination/018.png,0.36580,0.30886,0.08903
pill,contamination/019.png,0.33912,0.30886,0.08839
pill,contamination/020.png,0.27949,0.30886,0.08696
pill,scratch/000.png,0.29292,0.30886,0.09187
pill,scratch/001.png,0.33955,0.30886,0.08915
pill,scratch/002.png,0.43991,0.30886,0.08756
pill,scratch/003.png,0.26559,0.30886,0.08513
pill,scratch/004.png,0.41278,0.30886,0.08706
pill,scratch/005.png,0.27919,0.30886,0.08760
pill,scratch/006.png,0.27072,0.30886,0.08844
pill,scratch/007.png,0.33747,0.30886,0.08840
pill,scratch/008.png,0.45226,0.30886,0.08902
pill,scratch/009.png,0.46357,0.30886,0.08818
pill,scratch/010.png,0.29241,0.30886,0.08909
pill,scratch/011.png,0.30386,0.30886,0.08886
pill,scratch/012.png,0.36566,0.30886,0.08883
pill,scratch/013.png,0.55587,0.30886,0.08880
pill,scratch/014.png,0.48603,0.30886,0.08900
pill,scratch/015.png,0.40711,0.30886,0.08770
pill,scratch/016.png,0.32927,0.30886,0.08900
pill,scratch/017.png,0.41142,0.30886,0.08947
pill,scratch/018.png,0.56184,0.30886,0.08955
pill,scratch/019.png,0.29500,0.30886,0.08719
pill,scratch/020.png,0.29581,0.30886,0.08880
pill,scratch/021.png,0.43556,0.30886,0.08800
pill,scratch/022.png,0.29357,0.30886,0.08943
pill,scratch/023.png,0.39677,0.30886,0.08892
pill,crack/000.png,0.26710,0.30886,0.09350
pill,crack/001.png,0.24362,0.30886,0.08789
pill,crack/002.png,0.40835,0.30886,0.08939
pill,crack/003.png,0.24831,0.30886,0.08615
pill,crack/004.png,0.30135,0.30886,0.08742
pill,crack/005.png,0.40826,0.30886,0.08733
pill,crack/006.png,0.33602,0.30886,0.08865
pill,crack/007.png,0.29785,0.30886,0.08806
pill,crack/008.png,0.21967,0.30886,0.08980
pill,crack/009.png,0.33037,0.30886,0.08804
pill,crack/010.png,0.31900,0.30886,0.08937
pill,crack/011.png,0.43701,0.30886,0.08806
pill,crack/012.png,0.35442,0.30886,0.08920
pill,crack/013.png,0.26996,0.30886,0.08845
pill,crack/014.png,0.24745,0.30886,0.08950
pill,crack/015.png,0.26517,0.30886,0.08779
pill,crack/016.png,0.28818,0.30886,0.09693
pill,crack/017.png,0.37528,0.30886,0.11262
pill,crack/018.png,0.39823,0.30886,0.10430
pill,crack/019.png,0.35509,0.30886,0.09632
pill,crack/020.png,0.30087,0.30886,0.09182
pill,crack/021.png,0.34744,0.30886,0.08568
pill,crack/022.png,0.40372,0.30886,0.09386
pill,crack/023.png,0.34621,0.30886,0.09968
pill,crack/024.png,0.23558,0.30886,0.10585
pill,crack/025.png,0.37714,0.30886,0.10030
screw,good/000.png,0.12658,0.36427,0.06941
screw,good/001.png,0.19865,0.36427,0.08230
screw,good/002.png,0.18327,0.36427,0.08280
screw,good/003.png,0.15578,0.36427,0.08221
screw,good/004.png,0.20128,0.36427,0.08008
screw,good/005.png,0.20738,0.36427,0.08065
screw,good/006.png,0.18111,0.36427,0.07903
screw,good/007.png,0.13461,0.36427,0.07702
screw,good/008.png,0.22870,0.36427,0.08049
screw,good/009.png,0.14051,0.36427,0.07721
screw,good/010.png,0.15126,0.36427,0.08100
screw,good/011.png,0.17240,0.36427,0.07881
screw,good/012.png,0.19981,0.36427,0.08040
screw,good/013.png,0.15809,0.36427,0.07925
screw,good/014.png,0.16337,0.36427,0.08044
screw,good/015.png,0.16671,0.36427,0.07921
screw,good/016.png,0.17442,0.36427,0.08233
screw,good/017.png,0.14228,0.36427,0.08027
screw,good/018.png,0.15918,0.36427,0.08331
screw,good/019.png,0.14417,0.36427,0.08241
screw,good/020.png,0.19621,0.36427,0.07898
screw,good/021.png,0.20620,0.36427,0.08254
screw,good/022.png,0.16610,0.36427,0.07956
screw,good/023.png,0.21143,0.36427,0.08278
screw,good/024.png,0.18896,0.36427,0.07888
screw,good/025.png,0.31023,0.36427,0.08098
screw,good/026.png,0.14134,0.36427,0.08086
screw,good/027.png,0.12942,0.36427,0.07896
screw,good/028.png,0.16835,0.36427,0.07954
screw,good/029.png,0.19958,0.36427,0.08125
screw,good/030.png,0.16063,0.36427,0.07948
screw,good/031.png,0.17967,0.36427,0.08358
screw,good/032.png,0.17315,0.36427,0.07909
screw,good/033.png,0.14046,0.36427,0.08107
screw,good/034.png,0.17241,0.36427,0.08086
screw,good/035.png,0.17679,0.36427,0.08117
screw,good/036.png,0.15739,0.36427,0.07942
screw,good/037.png,0.18390,0.36427,0.07829
screw,good/038.png,0.14637,0.36427,0.08059
screw,good/039.png,0.14435,0.36427,0.08374
screw,good/040.png,0.12273,0.36427,0.07968
screw,manipulated_front/000.png,0.15756,0.36427,0.08588
screw,manipulated_front/001.png,0.21189,0.36427,0.08482
screw,manipulated_front/002.png,0.20163,0.36427,0.09485
screw,manipulated_front/003.png,0.25070,0.36427,0.07146
screw,manipulated_front/004.png,0.21709,0.36427,0.08989
screw,manipulated_front/005.png,0.24867,0.36427,0.08333
screw,manipulated_front/006.png,0.14220,0.36427,0.08049
screw,manipulated_front/007.png,0.22960,0.36427,0.07708
screw,manipulated_front/008.png,0.22645,0.36427,0.07979
screw,manipulated_front/009.png,0.27999,0.36427,0.08038
screw,manipulated_front/010.png,0.18342,0.36427,0.08253
screw,manipulated_front/011.png,0.18664,0.36427,0.08217
screw,manipulated_front/012.png,0.20430,0.36427,0.08115
screw,manipulated_front/013.png,0.18521,0.36427,0.08041
screw,manipulated_front/014.png,0.17509,0.36427,0.08030
screw,manipulated_front/015.png,0.25228,0.36427,0.07825
screw,manipulated_front/016.png,0.25152,0.36427,0.08453
screw,manipulated_front/017.png,0.15861,0.36427,0.08235
screw,manipulated_front/018.png,0.22884,0.36427,0.07925
screw,manipulated_front/019.png,0.21379,0.36427,0.08075
screw,manipulated_front/020.png,0.11288,0.36427,0.08163
screw,manipulated_front/021.png,0.19394,0.36427,0.08004
screw,manipulated_front/022.png,0.19008,0.36427,0.08030
screw,manipulated_front/023.png,0.16127,0.36427,0.07902
screw,thread_side/000.png,0.20128,0.36427,0.08551
screw,thread_side/001.png,0.30674,0.36427,0.07441
screw,thread_side/002.png,0.23205,0.36427,0.07851
screw,thread_side/003.png,0.24686,0.36427,0.07605
screw,thread_side/004.png,0.16873,0.36427,0.08591
screw,thread_side/005.png,0.24825,0.36427,0.07672
screw,thread_side/006.png,0.24240,0.36427,0.07691
screw,thread_side/007.png,0.30270,0.36427,0.07965
screw,thread_side/008.png,0.25892,0.36427,0.07715
screw,thread_side/009.png,0.17161,0.36427,0.08086
screw,thread_side/010.png,0.25098,0.36427,0.07740
screw,thread_side/011.png,0.24229,0.36427,0.07888
screw,thread_side/012.png,0.16016,0.36427,0.07806
screw,thread_side/013.png,0.31421,0.36427,0.08135
screw,thread_side/014.png,0.26834,0.36427,0.08002
screw,thread_side/015.png,0.21588,0.36427,0.07921
screw,thread_side/016.png,0.26005,0.36427,0.08188
screw,thread_side/017.png,0.27877,0.36427,0.08181
screw,thread_side/018.png,0.21492,0.36427,0.08038
screw,thread_side/019.png,0.16777,0.36427,0.08008
screw,thread_side/020.png,0.16017,0.36427,0.07795
screw,thread_side/021.png,0.18435,0.36427,0.07622
screw,thread_side/022.png,0.31058,0.36427,0.07860
screw,scratch_neck/000.png,0.27876,0.36427,0.08148
screw,scratch_neck/001.png,0.30105,0.36427,0.07800
screw,scratch_neck/002.png,0.26726,0.36427,0.07405
screw,scratch_neck/003.png,0.32514,0.36427,0.08566
screw,scratch_neck/004.png,0.38450,0.36427,0.07630
screw,scratch_neck/005.png,0.16230,0.36427,0.07907
screw,scratch_neck/006.png,0.43604,0.36427,0.07925
screw,scratch_neck/007.png,0.33198,0.36427,0.07941
screw,scratch_neck/008.png,0.43003,0.36427,0.07871
screw,scratch_neck/009.png,0.31218,0.36427,0.07969
screw,scratch_neck/010.png,0.26165,0.36427,0.07886
screw,scratch_neck/011.png,0.35644,0.36427,0.08361
screw,scratch_neck/012.png,0.31004,0.36427,0.08064
screw,scratch_neck/013.png,0.35101,0.36427,0.07953
screw,scratch_neck/014.png,0.32016,0.36427,0.07747
screw,scratch_neck/015.png,0.46527,0.36427,0.08207
screw,scratch_neck/016.png,0.32240,0.36427,0.07950
screw,scratch_neck/017.png,0.24559,0.36427,0.07716
screw,scratch_neck/018.png,0.31099,0.36427,0.07782
screw,scratch_neck/019.png,0.40716,0.36427,0.07732
screw,scratch_neck/020.png,0.35803,0.36427,0.07828
screw,scratch_neck/021.png,0.30687,0.36427,0.07801
screw,scratch_neck/022.png,0.30515,0.36427,0.08255
screw,scratch_neck/023.png,0.23507,0.36427,0.07934
screw,scratch_neck/024.png,0.34942,0.36427,0.07724
screw,scratch_head/000.png,0.20127,0.36427,0.08258
screw,scratch_head/001.png,0.25617,0.36427,0.08174
screw,scratch_head/002.png,0.19555,0.36427,0.08483
screw,scratch_head/003.png,0.30835,0.36427,0.08685
screw,scratch_head/004.png,0.20004,0.36427,0.08179
screw,scratch_head/005.png,0.31266,0.36427,0.08025
screw,scratch_head/006.png,0.24220,0.36427,0.08115
screw,scratch_head/007.png,0.25832,0.36427,0.07635
screw,scratch_head/008.png,0.24398,0.36427,0.07624
screw,scratch_head/009.png,0.22539,0.36427,0.08116
screw,scratch_head/010.png,0.18853,0.36427,0.07691
screw,scratch_head/011.png,0.25044,0.36427,0.07803
screw,scratch_head/012.png,0.18135,0.36427,0.07901
screw,scratch_head/013.png,0.24949,0.36427,0.07893
screw,scratch_head/014.png,0.23539,0.36427,0.07789
screw,scratch_head/015.png,0.31631,0.36427,0.08051
screw,scratch_head/016.png,0.19665,0.36427,0.07828
screw,scratch_head/017.png,0.25396,0.36427,0.07972
screw,scratch_head/018.png,0.23593,0.36427,0.08359
screw,scratch_head/019.png,0.23838,0.36427,0.08099
screw,scratch_head/020.png,0.25634,0.36427,0.07687
screw,scratch_head/021.png,0.24471,0.36427,0.07783
screw,scratch_head/022.png,0.26319,0.36427,0.07729
screw,scratch_head/023.png,0.21570,0.36427,0.08097
screw,thread_top/000.png,0.32061,0.36427,0.08353
screw,thread_top/001.png,0.31680,0.36427,0.08826
screw,thread_top/002.png,0.22178,0.36427,0.08811
screw,thread_top/003.png,0.20606,0.36427,0.08411
screw,thread_top/004.png,0.31541,0.36427,0.07714
screw,thread_top/005.png,0.26233,0.36427,0.08184
screw,thread_top/006.png,0.27265,0.36427,0.07829
screw,thread_top/007.png,0.28347,0.36427,0.08050
screw,thread_top/008.png,0.24119,0.36427,0.08194
screw,thread_top/009.png,0.21662,0.36427,0.07857
screw,thread_top/010.png,0.31246,0.36427,0.08051
screw,thread_top/011.png,0.27338,0.36427,0.07549
screw,thread_top/012.png,0.21214,0.36427,0.07986
screw,thread_top/013.png,0.33658,0.36427,0.08189
screw,thread_top/014.png,0.34612,0.36427,0.07921
screw,thread_top/015.png,0.20574,0.36427,0.07971
screw,thread_top/016.png,0.19954,0.36427,0.08297
screw,thread_top/017.png,0.23772,0.36427,0.08022
screw,thread_top/018.png,0.25979,0.36427,0.08091
screw,thread_top/019.png,0.29958,0.36427,0.08211
screw,thread_top/020.png,0.36457,0.36427,0.08309
screw,thread_top/021.png,0.24230,0.36427,0.07741
screw,thread_top/022.png,0.19850,0.36427,0.08016
tile,good/000.png,0.20048,0.36349,0.14148
tile,good/001.png,0.23191,0.36349,0.12887
tile,good/002.png,0.18361,0.36349,0.12949
tile,good/003.png,0.15802,0.36349,0.11692
tile,good/004.png,0.17005,0.36349,0.12088
tile,good/005.png,0.14585,0.36349,0.12199
tile,good/006.png,0.19476,0.36349,0.12188
tile,good/007.png,0.15542,0.36349,0.12131
tile,good/008.png,0.16059,0.36349,0.12273
tile,good/009.png,0.16132,0.36349,0.12853
tile,good/010.png,0.20362,0.36349,0.13173
tile,good/011.png,0.15904,0.36349,0.12894
tile,good/012.png,0.14842,0.36349,0.12673
tile,good/013.png,0.17286,0.36349,0.12705
tile,good/014.png,0.16575,0.36349,0.12800
tile,good/015.png,0.14596,0.36349,0.12738
tile,good/016.png,0.20781,0.36349,0.12643
tile,good/017.png,0.18501,0.36349,0.12838
tile,good/018.png,0.19756,0.36349,0.12694
tile,good/019.png,0.25195,0.36349,0.12805
tile,good/020.png,0.24263,0.36349,0.12904
tile,good/021.png,0.17117,0.36349,0.12764
tile,good/022.png,0.17919,0.36349,0.12648
tile,good/023.png,0.17427,0.36349,0.12605
tile,good/024.png,0.15878,0.36349,0.12610
tile,good/025.png,0.21800,0.36349,0.12636
tile,good/026.png,0.21660,0.36349,0.13077
tile,good/027.png,0.18691,0.36349,0.12651
tile,good/028.png,0.16186,0.36349,0.12670
tile,good/029.png,0.17054,0.36349,0.12608
tile,good/030.png,0.16749,0.36349,0.12617
tile,good/031.png,0.14383,0.36349,0.12739
tile,good/032.png,0.17456,0.36349,0.12631
tile,glue_strip/000.png,0.61396,0.36349,0.13906
tile,glue_strip/001.png,0.58005,0.36349,0.13722
tile,glue_strip/002.png,0.56168,0.36349,0.14157
tile,glue_strip/003.png,0.58242,0.36349,0.12413
tile,glue_strip/004.png,0.63917,0.36349,0.12572
tile,glue_strip/005.png,0.64857,0.36349,0.12640
tile,glue_strip/006.png,0.65145,0.36349,0.12687
tile,glue_strip/007.png,0.51667,0.36349,0.12641
tile,glue_strip/008.png,0.57356,0.36349,0.12734
tile,glue_strip/009.png,0.59904,0.36349,0.12675
tile,glue_strip/010.png,0.58269,0.36349,0.12635
tile,glue_strip/011.png,0.59567,0.36349,0.12709
tile,glue_strip/012.png,0.65718,0.36349,0.12768
tile,glue_strip/013.png,0.55902,0.36349,0.12637
tile,glue_strip/014.png,0.66059,0.36349,0.12723
tile,glue_strip/015.png,0.58587,0.36349,0.12745
tile,glue_strip/016.png,0.64709,0.36349,0.12665
tile,glue_strip/017.png,0.58518,0.36349,0.12648
tile,gray_stroke/000.png,0.30131,0.36349,0.13746
tile,gray_stroke/001.png,0.39551,0.36349,0.14098
tile,gray_stroke/002.png,0.27158,0.36349,0.13158
tile,gray_stroke/003.png,0.29351,0.36349,0.12391
tile,gray_stroke/004.png,0.35189,0.36349,0.12684
tile,gray_stroke/005.png,0.31149,0.36349,0.12686
tile,gray_stroke/006.png,0.26797,0.36349,0.12885
tile,gray_stroke/007.png,0.39930,0.36349,0.12418
tile,gray_stroke/008.png,0.34005,0.36349,0.12847
tile,gray_stroke/009.png,0.31649,0.36349,0.12693
tile,gray_stroke/010.png,0.31853,0.36349,0.12861
tile,gray_stroke/011.png,0.30218,0.36349,0.12780
tile,gray_stroke/012.png,0.24187,0.36349,0.12725
tile,gray_stroke/013.png,0.28268,0.36349,0.12717
tile,gray_stroke/014.png,0.34956,0.36349,0.12688
tile,gray_stroke/015.png,0.30462,0.36349,0.12646
tile,rough/000.png,0.41838,0.36349,0.13876
tile,rough/001.png,0.46178,0.36349,0.13994
tile,rough/002.png,0.45716,0.36349,0.13101
tile,rough/003.png,0.39542,0.36349,0.11927
tile,rough/004.png,0.49021,0.36349,0.12089
tile,rough/005.png,0.35641,0.36349,0.12597
tile,rough/006.png,0.32569,0.36349,0.12476
tile,rough/007.png,0.40361,0.36349,0.12856
tile,rough/008.png,0.39531,0.36349,0.12817
tile,rough/009.png,0.46255,0.36349,0.12606
tile,rough/010.png,0.32124,0.36349,0.12834
tile,rough/011.png,0.51080,0.36349,0.12862
tile,rough/012.png,0.28802,0.36349,0.12760
tile,rough/013.png,0.57083,0.36349,0.12680
tile,rough/014.png,0.41668,0.36349,0.12616
tile,oil/000.png,0.67756,0.36349,0.13742
tile,oil/001.png,0.59460,0.36349,0.13824
tile,oil/002.png,0.56717,0.36349,0.13702
tile,oil/003.png,0.62024,0.36349,0.11888
tile,oil/004.png,0.62106,0.36349,0.12459
tile,oil/005.png,0.67132,0.36349,0.12777
tile,oil/006.png,0.55611,0.36349,0.12768
tile,oil/007.png,0.59488,0.36349,0.12654
tile,oil/008.png,0.60855,0.36349,0.12715
tile,oil/009.png,0.62945,0.36349,0.12504
tile,oil/010.png,0.64211,0.36349,0.12741
tile,oil/011.png,0.63273,0.36349,0.12784
tile,oil/012.png,0.60001,0.36349,0.12692
tile,oil/013.png,0.55745,0.36349,0.12869
tile,oil/014.png,0.68765,0.36349,0.12887
tile,oil/015.png,0.63710,0.36349,0.12811
tile,oil/016.png,0.63948,0.36349,0.12866
tile,oil/017.png,0.77580,0.36349,0.12732
tile,crack/000.png,0.68042,0.36349,0.13800
tile,crack/001.png,0.64869,0.36349,0.13664
tile,crack/002.png,0.66866,0.36349,0.13887
tile,crack/003.png,0.69258,0.36349,0.12347
tile,crack/004.png,0.62662,0.36349,0.12718
tile,crack/005.png,0.51546,0.36349,0.12625
tile,crack/006.png,0.66722,0.36349,0.12770
tile,crack/007.png,0.67558,0.36349,0.12696
tile,crack/008.png,0.61157,0.36349,0.12641
tile,crack/009.png,0.67151,0.36349,0.12515
tile,crack/010.png,0.63655,0.36349,0.12656
tile,crack/011.png,0.60248,0.36349,0.12639
tile,crack/012.png,0.65249,0.36349,0.12149
tile,crack/013.png,0.63042,0.36349,0.12608
tile,crack/014.png,0.62270,0.36349,0.12862
tile,crack/015.png,0.58054,0.36349,0.12702
tile,crack/016.png,0.57420,0.36349,0.12946
toothbrush,good/000.png,0.21582,0.40554,0.09512
toothbrush,good/001.png,0.22631,0.40554,0.09875
toothbrush,good/002.png,0.22761,0.40554,0.09806
toothbrush,good/003.png,0.23362,0.40554,0.09299
toothbrush,good/004.png,0.28419,0.40554,0.09921
toothbrush,good/005.png,0.31205,0.40554,0.09892
toothbrush,good/006.png,0.30091,0.40554,0.09996
toothbrush,good/007.png,0.26615,0.40554,0.09982
toothbrush,good/008.png,0.28924,0.40554,0.09851
toothbrush,good/009.png,0.29155,0.40554,0.09992
toothbrush,good/010.png,0.30319,0.40554,0.09963
toothbrush,good/011.png,0.30572,0.40554,0.10023
toothbrush,defective/000.png,0.40302,0.40554,0.10522
toothbrush,defective/001.png,0.32372,0.40554,0.10040
toothbrush,defective/002.png,0.42376,0.40554,0.09965
toothbrush,defective/003.png,0.31820,0.40554,0.09419
toothbrush,defective/004.png,0.44740,0.40554,0.09942
toothbrush,defective/005.png,0.44253,0.40554,0.09869
toothbrush,defective/006.png,0.30345,0.40554,0.09950
toothbrush,defective/007.png,0.40993,0.40554,0.09937
toothbrush,defective/008.png,0.39832,0.40554,0.10134
toothbrush,defective/009.png,0.42599,0.40554,0.10126
toothbrush,defective/010.png,0.48122,0.40554,0.10048
toothbrush,defective/011.png,0.43026,0.40554,0.09960
toothbrush,defective/012.png,0.50621,0.40554,0.10132
toothbrush,defective/013.png,0.40774,0.40554,0.09992
toothbrush,defective/014.png,0.54614,0.40554,0.10064
toothbrush,defective/015.png,0.54387,0.40554,0.10062
toothbrush,defective/016.png,0.44665,0.40554,0.10131
toothbrush,defective/017.png,0.51602,0.40554,0.10067
toothbrush,defective/018.png,0.36799,0.40554,0.10118
toothbrush,defective/019.png,0.46259,0.40554,0.10144
toothbrush,defective/020.png,0.46295,0.40554,0.10030
toothbrush,defective/021.png,0.45436,0.40554,0.09729
toothbrush,defective/022.png,0.46535,0.40554,0.09985
toothbrush,defective/023.png,0.41590,0.40554,0.10183
toothbrush,defective/024.png,0.46739,0.40554,0.10034
toothbrush,defective/025.png,0.42980,0.40554,0.10913
toothbrush,defective/026.png,0.39889,0.40554,0.10403
toothbrush,defective/027.png,0.38843,0.40554,0.09899
toothbrush,defective/028.png,0.43791,0.40554,0.10021
toothbrush,defective/029.png,0.57199,0.40554,0.10037
transistor,good/000.png,0.27644,0.36989,0.13989
transistor,good/001.png,0.23707,0.36989,0.14254
transistor,good/002.png,0.31246,0.36989,0.14170
transistor,good/003.png,0.24278,0.36989,0.13060
transistor,good/004.png,0.23545,0.36989,0.13300
transistor,good/005.png,0.22773,0.36989,0.13436
transistor,good/006.png,0.24991,0.36989,0.13499
transistor,good/007.png,0.26602,0.36989,0.13482
transistor,good/008.png,0.27826,0.36989,0.13435
transistor,good/009.png,0.24450,0.36989,0.13385
transistor,good/010.png,0.23099,0.36989,0.13308
transistor,good/011.png,0.23276,0.36989,0.13477
transistor,good/012.png,0.21602,0.36989,0.13425
transistor,good/013.png,0.23551,0.36989,0.13621
transistor,good/014.png,0.30933,0.36989,0.13476
transistor,good/015.png,0.26152,0.36989,0.13333
transistor,good/016.png,0.26082,0.36989,0.13180
transistor,good/017.png,0.23403,0.36989,0.13781
transistor,good/018.png,0.24039,0.36989,0.13427
transistor,good/019.png,0.22227,0.36989,0.13697
transistor,good/020.png,0.23338,0.36989,0.13554
transistor,good/021.png,0.23427,0.36989,0.14122
transistor,good/022.png,0.29965,0.36989,0.13404
transistor,good/023.png,0.24111,0.36989,0.13627
transistor,good/024.png,0.26629,0.36989,0.13433
transistor,good/025.png,0.24791,0.36989,0.13656
transistor,good/026.png,0.27713,0.36989,0.13530
transistor,good/027.png,0.24028,0.36989,0.13558
transistor,good/028.png,0.23252,0.36989,0.13353
transistor,good/029.png,0.25497,0.36989,0.13596
transistor,good/030.png,0.18853,0.36989,0.13285
transistor,good/031.png,0.30248,0.36989,0.13563
transistor,good/032.png,0.23899,0.36989,0.13403
transistor,good/033.png,0.24041,0.36989,0.13681
transistor,good/034.png,0.22776,0.36989,0.13483
transistor,good/035.png,0.23215,0.36989,0.13610
transistor,good/036.png,0.26916,0.36989,0.13506
transistor,good/037.png,0.24593,0.36989,0.13923
transistor,good/038.png,0.24453,0.36989,0.13461
transistor,good/039.png,0.22262,0.36989,0.13432
transistor,good/040.png,0.24550,0.36989,0.13592
transistor,good/041.png,0.25977,0.36989,0.13625
transistor,good/042.png,0.23594,0.36989,0.13317
transistor,good/043.png,0.23546,0.36989,0.14106
transistor,good/044.png,0.25926,0.36989,0.13350
transistor,good/045.png,0.21914,0.36989,0.13434
transistor,good/046.png,0.23663,0.36989,0.13605
transistor,good/047.png,0.22568,0.36989,0.13405
transistor,good/048.png,0.25168,0.36989,0.13524
transistor,good/049.png,0.21859,0.36989,0.13603
transistor,good/050.png,0.22813,0.36989,0.13296
transistor,good/051.png,0.26214,0.36989,0.13699
transistor,good/052.png,0.28698,0.36989,0.13443
transistor,good/053.png,0.23171,0.36989,0.13458
transistor,good/054.png,0.23284,0.36989,0.13428
transistor,good/055.png,0.25083,0.36989,0.13587
transistor,good/056.png,0.26178,0.36989,0.13410
transistor,good/057.png,0.24038,0.36989,0.13684
transistor,good/058.png,0.27548,0.36989,0.13331
transistor,good/059.png,0.24890,0.36989,0.13372
transistor,cut_lead/000.png,0.27053,0.36989,0.14188
transistor,cut_lead/001.png,0.29897,0.36989,0.14188
transistor,cut_lead/002.png,0.28862,0.36989,0.14090
transistor,cut_lead/003.png,0.28748,0.36989,0.13152
transistor,cut_lead/004.png,0.27526,0.36989,0.13534
transistor,cut_lead/005.png,0.28520,0.36989,0.13442
transistor,cut_lead/006.png,0.25860,0.36989,0.13377
transistor,cut_lead/007.png,0.26182,0.36989,0.13609
transistor,cut_lead/008.png,0.28743,0.36989,0.13660
transistor,cut_lead/009.png,0.30056,0.36989,0.13444
transistor,bent_lead/000.png,0.29433,0.36989,0.14439
transistor,bent_lead/001.png,0.30194,0.36989,0.14176
transistor,bent_lead/002.png,0.29457,0.36989,0.14470
transistor,bent_lead/003.png,0.28104,0.36989,0.13254
transistor,bent_lead/004.png,0.28145,0.36989,0.13385
transistor,bent_lead/005.png,0.31652,0.36989,0.13669
transistor,bent_lead/006.png,0.28693,0.36989,0.13573
transistor,bent_lead/007.png,0.28292,0.36989,0.13760
transistor,bent_lead/008.png,0.32915,0.36989,0.13509
transistor,bent_lead/009.png,0.27360,0.36989,0.13804
transistor,damaged_case/000.png,0.36465,0.36989,0.14695
transistor,damaged_case/001.png,0.52548,0.36989,0.14428
transistor,damaged_case/002.png,0.32338,0.36989,0.14274
transistor,damaged_case/003.png,0.34990,0.36989,0.13263
transistor,damaged_case/004.png,0.53960,0.36989,0.13370
transistor,damaged_case/005.png,0.38843,0.36989,0.13733
transistor,damaged_case/006.png,0.39327,0.36989,0.13518
transistor,damaged_case/007.png,0.42449,0.36989,0.13895
transistor,damaged_case/008.png,0.48506,0.36989,0.13566
transistor,damaged_case/009.png,0.42571,0.36989,0.13650
transistor,misplaced/000.png,0.41653,0.36989,0.14369
transistor,misplaced/001.png,0.32138,0.36989,0.14298
transistor,misplaced/002.png,0.41032,0.36989,0.14359
transistor,misplaced/003.png,0.40513,0.36989,0.13039
transistor,misplaced/004.png,0.26035,0.36989,0.13528
transistor,misplaced/005.png,0.26187,0.36989,0.13230
transistor,misplaced/006.png,0.27657,0.36989,0.13427
transistor,misplaced/007.png,0.42639,0.36989,0.12853
transistor,misplaced/008.png,0.40929,0.36989,0.13449
transistor,misplaced/009.png,0.35369,0.36989,0.13666
wood,good/000.png,0.29374,0.36559,0.13904
wood,good/001.png,0.23875,0.36559,0.14298
wood,good/002.png,0.20591,0.36559,0.14217
wood,good/003.png,0.19351,0.36559,0.13207
wood,good/004.png,0.20935,0.36559,0.13527
wood,good/005.png,0.21544,0.36559,0.13618
wood,good/006.png,0.19314,0.36559,0.13631
wood,good/007.png,0.35997,0.36559,0.13809
wood,good/008.png,0.27263,0.36559,0.13631
wood,good/009.png,0.28575,0.36559,0.13841
wood,good/010.png,0.33827,0.36559,0.13722
wood,good/011.png,0.32637,0.36559,0.14109
wood,good/012.png,0.35105,0.36559,0.13830
wood,good/013.png,0.32974,0.36559,0.13907
wood,good/014.png,0.21221,0.36559,0.13625
wood,good/015.png,0.20365,0.36559,0.13775
wood,good/016.png,0.21937,0.36559,0.13892
wood,good/017.png,0.22667,0.36559,0.14176
wood,good/018.png,0.24525,0.36559,0.13591
wood,hole/000.png,0.52475,0.36559,0.15662
wood,hole/001.png,0.51434,0.36559,0.14323
wood,hole/002.png,0.48976,0.36559,0.14593
wood,hole/003.png,0.40673,0.36559,0.13742
wood,hole/004.png,0.45568,0.36559,0.14098
wood,hole/005.png,0.47262,0.36559,0.13882
wood,hole/006.png,0.35805,0.36559,0.13634
wood,hole/007.png,0.43746,0.36559,0.13710
wood,hole/008.png,0.41875,0.36559,0.13729
wood,hole/009.png,0.44743,0.36559,0.13905
wood,color/000.png,0.47801,0.36559,0.15120
wood,color/001.png,0.57833,0.36559,0.14585
wood,color/002.png,0.35903,0.36559,0.15665
wood,color/003.png,0.68648,0.36559,0.14284
wood,color/004.png,0.47387,0.36559,0.13493
wood,color/005.png,0.41927,0.36559,0.13052
wood,color/006.png,0.49237,0.36559,0.13074
wood,color/007.png,0.42584,0.36559,0.13148
wood,combined/000.png,0.53479,0.36559,0.14078
wood,combined/001.png,0.48482,0.36559,0.14268
wood,combined/002.png,0.44909,0.36559,0.14866
wood,combined/003.png,0.62469,0.36559,0.13202
wood,combined/004.png,0.44664,0.36559,0.13398
wood,combined/005.png,0.56168,0.36559,0.13344
wood,combined/006.png,0.46158,0.36559,0.13423
wood,combined/007.png,0.47934,0.36559,0.13433
wood,combined/008.png,0.56282,0.36559,0.13393
wood,combined/009.png,0.39607,0.36559,0.13748
wood,combined/010.png,0.45049,0.36559,0.13799
wood,liquid/000.png,0.58002,0.36559,0.15248
wood,liquid/001.png,0.47528,0.36559,0.16119
wood,liquid/002.png,0.62447,0.36559,0.15277
wood,liquid/003.png,0.55548,0.36559,0.13861
wood,liquid/004.png,0.58397,0.36559,0.14082
wood,liquid/005.png,0.67759,0.36559,0.14164
wood,liquid/006.png,0.55893,0.36559,0.14270
wood,liquid/007.png,0.61965,0.36559,0.14087
wood,liquid/008.png,0.60993,0.36559,0.14209
wood,liquid/009.png,0.59982,0.36559,0.14130
wood,scratch/000.png,0.51005,0.36559,0.15339
wood,scratch/001.png,0.42543,0.36559,0.15208
wood,scratch/002.png,0.47998,0.36559,0.15330
wood,scratch/003.png,0.42398,0.36559,0.13828
wood,scratch/004.png,0.46546,0.36559,0.13950
wood,scratch/005.png,0.60246,0.36559,0.14240
wood,scratch/006.png,0.28414,0.36559,0.14288
wood,scratch/007.png,0.61534,0.36559,0.13763
wood,scratch/008.png,0.48709,0.36559,0.14174
wood,scratch/009.png,0.45253,0.36559,0.14239
wood,scratch/010.png,0.43815,0.36559,0.14133
wood,scratch/011.png,0.52875,0.36559,0.14001
wood,scratch/012.png,0.61174,0.36559,0.14118
wood,scratch/013.png,0.39990,0.36559,0.14559
wood,scratch/014.png,0.49027,0.36559,0.14348
wood,scratch/015.png,0.48998,0.36559,0.14220
wood,scratch/016.png,0.35916,0.36559,0.14185
wood,scratch/017.png,0.47132,0.36559,0.13976
wood,scratch/018.png,0.48613,0.36559,0.14164
wood,scratch/019.png,0.36117,0.36559,0.13864
wood,scratch/020.png,0.44289,0.36559,0.14079
zipper,broken_teeth/000.png,0.20734,0.41469,0.13685
zipper,broken_teeth/001.png,0.28805,0.41469,0.13103
zipper,broken_teeth/002.png,0.20768,0.41469,0.12782
zipper,broken_teeth/003.png,0.41456,0.41469,0.11525
zipper,broken_teeth/004.png,0.38611,0.41469,0.11402
zipper,broken_teeth/005.png,0.28578,0.41469,0.11974
zipper,broken_teeth/006.png,0.39264,0.41469,0.12057
zipper,broken_teeth/007.png,0.48467,0.41469,0.11940
zipper,broken_teeth/008.png,0.24153,0.41469,0.12053
zipper,broken_teeth/009.png,0.21195,0.41469,0.11565
zipper,broken_teeth/010.png,0.33431,0.41469,0.11997
zipper,broken_teeth/011.png,0.27270,0.41469,0.11860
zipper,broken_teeth/012.png,0.31836,0.41469,0.11875
zipper,broken_teeth/013.png,0.44216,0.41469,0.11932
zipper,broken_teeth/014.png,0.29687,0.41469,0.11995
zipper,broken_teeth/015.png,0.20253,0.41469,0.11842
zipper,broken_teeth/016.png,0.18698,0.41469,0.11962
zipper,broken_teeth/017.png,0.44857,0.41469,0.11901
zipper,broken_teeth/018.png,0.40006,0.41469,0.12047
zipper,split_teeth/000.png,0.22961,0.41469,0.13057
zipper,split_teeth/001.png,0.26566,0.41469,0.12959
zipper,split_teeth/002.png,0.24855,0.41469,0.12848
zipper,split_teeth/003.png,0.25793,0.41469,0.11746
zipper,split_teeth/004.png,0.33285,0.41469,0.11968
zipper,split_teeth/005.png,0.20112,0.41469,0.11909
zipper,split_teeth/006.png,0.21228,0.41469,0.11818
zipper,split_teeth/007.png,0.25195,0.41469,0.11942
zipper,split_teeth/008.png,0.20160,0.41469,0.12010
zipper,split_teeth/009.png,0.24411,0.41469,0.12024
zipper,split_teeth/010.png,0.22194,0.41469,0.11989
zipper,split_teeth/011.png,0.23581,0.41469,0.11946
zipper,split_teeth/012.png,0.28690,0.41469,0.11891
zipper,split_teeth/013.png,0.21468,0.41469,0.11905
zipper,split_teeth/014.png,0.29253,0.41469,0.12024
zipper,split_teeth/015.png,0.37251,0.41469,0.11946
zipper,split_teeth/016.png,0.33834,0.41469,0.12025
zipper,split_teeth/017.png,0.32794,0.41469,0.11920
zipper,good/000.png,0.11344,0.41469,0.12842
zipper,good/001.png,0.14190,0.41469,0.12470
zipper,good/002.png,0.17772,0.41469,0.12756
zipper,good/003.png,0.16270,0.41469,0.11083
zipper,good/004.png,0.15495,0.41469,0.12095
zipper,good/005.png,0.13357,0.41469,0.11751
zipper,good/006.png,0.14416,0.41469,0.12089
zipper,good/007.png,0.13012,0.41469,0.11384
zipper,good/008.png,0.18073,0.41469,0.11405
zipper,good/009.png,0.16304,0.41469,0.11691
zipper,good/010.png,0.17228,0.41469,0.11876
zipper,good/011.png,0.14005,0.41469,0.12017
zipper,good/012.png,0.18147,0.41469,0.11967
zipper,good/013.png,0.18364,0.41469,0.11896
zipper,good/014.png,0.17438,0.41469,0.11380
zipper,good/015.png,0.16331,0.41469,0.11944
zipper,good/016.png,0.17723,0.41469,0.11971
zipper,good/017.png,0.13605,0.41469,0.11934
zipper,good/018.png,0.13945,0.41469,0.11832
zipper,good/019.png,0.14894,0.41469,0.12043
zipper,good/020.png,0.16961,0.41469,0.12012
zipper,good/021.png,0.18135,0.41469,0.11868
zipper,good/022.png,0.17446,0.41469,0.11884
zipper,good/023.png,0.18463,0.41469,0.12042
zipper,good/024.png,0.13096,0.41469,0.12146
zipper,good/025.png,0.13364,0.41469,0.11981
zipper,good/026.png,0.20214,0.41469,0.11906
zipper,good/027.png,0.23277,0.41469,0.12035
zipper,good/028.png,0.14767,0.41469,0.11816
zipper,good/029.png,0.13554,0.41469,0.12216
zipper,good/030.png,0.12503,0.41469,0.11832
zipper,good/031.png,0.10768,0.41469,0.12011
zipper,squeezed_teeth/000.png,0.28561,0.41469,0.12984
zipper,squeezed_teeth/001.png,0.26438,0.41469,0.13131
zipper,squeezed_teeth/002.png,0.25226,0.41469,0.12788
zipper,squeezed_teeth/003.png,0.31265,0.41469,0.11612
zipper,squeezed_teeth/004.png,0.19220,0.41469,0.11832
zipper,squeezed_teeth/005.png,0.23229,0.41469,0.11716
zipper,squeezed_teeth/006.png,0.31039,0.41469,0.12027
zipper,squeezed_teeth/007.png,0.21557,0.41469,0.11727
zipper,squeezed_teeth/008.png,0.15279,0.41469,0.11951
zipper,squeezed_teeth/009.png,0.28715,0.41469,0.11934
zipper,squeezed_teeth/010.png,0.31380,0.41469,0.11996
zipper,squeezed_teeth/011.png,0.29343,0.41469,0.11714
zipper,squeezed_teeth/012.png,0.18004,0.41469,0.11813
zipper,squeezed_teeth/013.png,0.27007,0.41469,0.11880
zipper,squeezed_teeth/014.png,0.33594,0.41469,0.11995
zipper,squeezed_teeth/015.png,0.33442,0.41469,0.11443
zipper,combined/000.png,0.41675,0.41469,0.13095
zipper,combined/001.png,0.25983,0.41469,0.12836
zipper,combined/002.png,0.21587,0.41469,0.12954
zipper,combined/003.png,0.48027,0.41469,0.11621
zipper,combined/004.png,0.52384,0.41469,0.11871
zipper,combined/005.png,0.36149,0.41469,0.11352
zipper,combined/006.png,0.52807,0.41469,0.11872
zipper,combined/007.png,0.37075,0.41469,0.12009
zipper,combined/008.png,0.41486,0.41469,0.11439
zipper,combined/009.png,0.41303,0.41469,0.11959
zipper,combined/010.png,0.45868,0.41469,0.11912
zipper,combined/011.png,0.55291,0.41469,0.11428
zipper,combined/012.png,0.53426,0.41469,0.11920
zipper,combined/013.png,0.50339,0.41469,0.11820
zipper,combined/014.png,0.44600,0.41469,0.12060
zipper,combined/015.png,0.49483,0.41469,0.12038
zipper,rough/000.png,0.33140,0.41469,0.13173
zipper,rough/001.png,0.31608,0.41469,0.13114
zipper,rough/002.png,0.28834,0.41469,0.13352
zipper,rough/003.png,0.34087,0.41469,0.11550
zipper,rough/004.png,0.26572,0.41469,0.11958
zipper,rough/005.png,0.32807,0.41469,0.11930
zipper,rough/006.png,0.35182,0.41469,0.11870
zipper,rough/007.png,0.24055,0.41469,0.11976
zipper,rough/008.png,0.25507,0.41469,0.12108
zipper,rough/009.png,0.23055,0.41469,0.11919
zipper,rough/010.png,0.28690,0.41469,0.11896
zipper,rough/011.png,0.29510,0.41469,0.11985
zipper,rough/012.png,0.31975,0.41469,0.11855
zipper,rough/013.png,0.27747,0.41469,0.12033
zipper,rough/014.png,0.29088,0.41469,0.11842
zipper,rough/015.png,0.44270,0.41469,0.11904
zipper,rough/016.png,0.34818,0.41469,0.12188
zipper,fabric_border/000.png,0.52598,0.41469,0.13165
zipper,fabric_border/001.png,0.54097,0.41469,0.12943
zipper,fabric_border/002.png,0.42320,0.41469,0.12834
zipper,fabric_border/003.png,0.52058,0.41469,0.11401
zipper,fabric_border/004.png,0.48605,0.41469,0.11866
zipper,fabric_border/005.png,0.52428,0.41469,0.11793
zipper,fabric_border/006.png,0.56191,0.41469,0.11948
zipper,fabric_border/007.png,0.52483,0.41469,0.11943
zipper,fabric_border/008.png,0.48466,0.41469,0.11967
zipper,fabric_border/009.png,0.53801,0.41469,0.11926
zipper,fabric_border/010.png,0.59605,0.41469,0.11947
zipper,fabric_border/011.png,0.49794,0.41469,0.11768
zipper,fabric_border/012.png,0.54406,0.41469,0.11958
zipper,fabric_border/013.png,0.50810,0.41469,0.11992
zipper,fabric_border/014.png,0.43606,0.41469,0.12068
zipper,fabric_border/015.png,0.52226,0.41469,0.11762
zipper,fabric_border/016.png,0.52499,0.41469,0.11995
zipper,fabric_interior/000.png,0.53514,0.41469,0.13088
zipper,fabric_interior/001.png,0.53654,0.41469,0.13216
zipper,fabric_interior/002.png,0.44507,0.41469,0.13033
zipper,fabric_interior/003.png,0.47683,0.41469,0.11628
zipper,fabric_interior/004.png,0.46271,0.41469,0.11930
zipper,fabric_interior/005.png,0.48281,0.41469,0.12140
zipper,fabric_interior/006.png,0.50972,0.41469,0.11785
zipper,fabric_interior/007.png,0.31011,0.41469,0.11989
zipper,fabric_interior/008.png,0.58266,0.41469,0.11990
zipper,fabric_interior/009.png,0.46193,0.41469,0.11860
zipper,fabric_interior/010.png,0.50913,0.41469,0.11854
zipper,fabric_interior/011.png,0.52961,0.41469,0.11967
zipper,fabric_interior/012.png,0.40960,0.41469,0.12020
zipper,fabric_interior/013.png,0.50325,0.41469,0.11893
zipper,fabric_interior/014.png,0.49128,0.41469,0.12040
zipper,fabric_interior/015.png,0.45435,0.41469,0.12119
